"Country","ISO3","Continent","Year","Life evaluation (3-year average)","Explained by: Log GDP per capita","Explained by: Social support","Explained by: Healthy life expectancy","Explained by: Freedom to make life choices","Explained by: Generosity","Explained by: Perceptions of corruption","Share.of.people.who.attend.religious.services.frequently","SafetyAfterDark","hrs worked","HomicideRate","AverageVacationDays_MinimumTotalPaidLeave_days_YearFree","AverageVacationDays_LegallyRequiredMinimumPaidVacationDaysPerYear_days_YearFree","AverageVacationDays_PaidPublicHolidays_days_YearFree","AverageRetirementAge","SunshineHours","Cluster"
"Finland","FIN","Europe",2025,7.764,1.915,1.638,0.939,1.105,0.093,0.491,NA,NA,34.15,NA,36,25,11,64.75,1858,"Not in clustering sample"
"Iceland","ISL","Europe",2025,7.54,1.971,1.72,0.996,1.105,0.187,0.187,NA,NA,35.73,NA,38,24,14,67,1326,"Not in clustering sample"
"Denmark","DNK","Europe",2025,7.539,1.986,1.633,0.93,1.081,0.125,0.474,NA,NA,33.16,NA,37.5,27.5,10,67,1932,"Not in clustering sample"
"Costa Rica","CRI","Americas",2025,7.439,1.697,1.483,0.739,1.101,0.059,0.122,NA,NA,42.88,NA,19,10,9,NA,NA,"Not in clustering sample"
"Sweden","SWE","Europe",2025,7.255,1.95,1.57,1.027,1.07,0.149,0.447,NA,NA,34.78,NA,34,25,9,64.5,1782.5,"Not in clustering sample"
"Norway","NOR","Europe",2025,7.242,2.057,1.626,0.983,1.092,0.157,0.413,NA,NA,33.44,NA,35,25,10,62,1373.33333333333,"Not in clustering sample"
"Netherlands","NLD","Europe",2025,7.223,1.983,1.539,0.922,1,0.175,0.349,NA,NA,31.03,NA,28,20,8,67,1662,"Not in clustering sample"
"Israel","ISR","Asia",2025,7.187,1.867,1.606,0.925,0.863,0.139,0.196,NA,NA,NA,NA,21,12,9,65.125,3311,"Not in clustering sample"
"Luxembourg","LUX","Europe",2025,7.063,2.162,1.465,0.981,1.056,0.111,0.382,NA,NA,35.58,NA,42,28.5,11,65,1634,"Not in clustering sample"
"Switzerland","CHE","Europe",2025,7.018,2.028,1.534,1.017,1.035,0.148,0.452,NA,NA,35.23,NA,27,20,7,64.5,1932.75,"Not in clustering sample"
"New Zealand","NZL","Oceania",2025,6.995,1.876,1.58,0.924,1.034,0.155,0.422,NA,NA,NA,NA,32,20,12,65,1967.06,"Not in clustering sample"
"Mexico","MEX","Americas",2025,6.972,1.636,1.366,0.631,1.015,0.056,0.128,NA,NA,NA,NA,19,12,7,65,2596.25,"Not in clustering sample"
"Ireland","IRL","Europe",2025,6.928,2.146,1.558,0.936,1.032,0.172,0.364,NA,NA,34.74,NA,30,20,10,66,1453,"Not in clustering sample"
"Belgium","BEL","Europe",2025,6.926,1.951,1.52,0.988,0.99,0.107,0.296,NA,NA,34.31,NA,30,20,10,65,1546,"Not in clustering sample"
"Australia","AUS","Oceania",2025,6.916,1.937,1.497,0.956,0.989,0.159,0.294,NA,NA,NA,NA,30,20,10,67,2975.42666666667,"Not in clustering sample"
"Kosovo","XKX","Europe",2025,6.91,1.535,1.293,0.907,1.045,0.186,0.082,NA,NA,NA,NA,NA,NA,NA,NA,NA,"Not in clustering sample"
"Germany","DEU","Europe",2025,6.882,1.948,1.49,0.876,0.948,0.145,0.349,NA,NA,33.53,NA,30,20,10,66,1644,"Not in clustering sample"
"Slovenia","SVN","Europe",2025,6.868,1.872,1.594,0.913,1.097,0.108,0.108,NA,NA,38.3,NA,33,20,13,60,1974,"Not in clustering sample"
"Austria","AUT","Europe",2025,6.845,1.954,1.474,0.926,0.979,0.171,0.285,NA,NA,33.46,NA,38,25,13,62.75,1884,"Not in clustering sample"
"Czechia","CZE","Europe",2025,6.821,1.869,1.594,0.72,1.045,0.106,0.081,NA,NA,37.44,NA,33,20,13,64.5,1668,"Not in clustering sample"
"United Arab Emirates","ARE","Asia",2025,6.821,1.98,1.096,0.71,1.071,0.149,0.228,NA,NA,NA,NA,44,30,14,65,3508.7,"Not in clustering sample"
"Saudi Arabia","SAU","Asia",2025,6.817,1.949,1.412,0.831,1.042,0.096,0.196,NA,NA,NA,NA,30,21,9,60,3236.5,"Not in clustering sample"
"United States","USA","Americas",2025,6.816,2.002,1.516,0.678,0.776,0.155,0.155,NA,NA,37.54,NA,NA,NA,NA,66.83,2827.61851851852,"Not in clustering sample"
"Poland","POL","Europe",2025,6.768,1.851,1.479,0.693,0.945,0.023,0.177,NA,NA,38.93,NA,36,23,13,62.5,1997,"Not in clustering sample"
"Canada","CAN","Americas",2025,6.741,1.917,1.525,0.955,0.948,0.153,0.321,NA,NA,34.8,NA,25,15,10,65,2028.04444444444,"Not in clustering sample"
"Taiwan Province of China","TWN","Asia",2025,6.714,1.959,1.446,0.933,0.879,0.107,0.179,NA,NA,NA,NA,28.5,16.5,12,NA,1886.86666666667,"Not in clustering sample"
"Belize","BLZ","Americas",2025,6.711,1.471,1.42,0.609,1.146,0.07,0.08,NA,NA,NA,NA,27,14,13,NA,NA,"Not in clustering sample"
"Lithuania","LTU","Europe",2025,6.704,1.863,1.555,0.653,0.891,0.049,0.113,NA,NA,38.67,NA,34,20,14,64.75,1691,"Not in clustering sample"
"United Kingdom","GBR","Europe",2025,6.694,1.896,1.458,0.888,0.962,0.191,0.291,NA,NA,34.92,NA,29,20,9,66,1441.66666666667,"Not in clustering sample"
"Serbia","SRB","Europe",2025,6.691,1.696,1.543,0.58,0.913,0.124,0.096,NA,NA,40.37,NA,31,20,11,64.415,2055,"Not in clustering sample"
"Uruguay","URY","Americas",2025,6.635,1.748,1.54,0.525,1.054,0.07,0.194,NA,NA,36.11,NA,25,20,5,NA,2481.4,"Not in clustering sample"
"Brazil","BRA","Americas",2025,6.634,1.602,1.396,0.508,0.964,0.081,0.122,NA,NA,38.86,NA,28,16,13,63.5,2237.58181818182,"Not in clustering sample"
"Kazakhstan","KAZ","Asia",2025,6.633,1.782,1.599,0.552,0.982,0.117,0.104,NA,NA,NA,NA,40,24,16,62,2431.5,"Not in clustering sample"
"Romania","ROU","Europe",2025,6.629,1.818,1.233,0.608,0.965,0.03,0.034,NA,NA,38.25,NA,37,20,17,63.5,2115,"Not in clustering sample"
"France","FRA","Europe",2025,6.586,1.907,1.435,0.95,0.83,0.09,0.24,NA,NA,35.71,NA,42,31,11,62.75,2315.125,"Not in clustering sample"
"Singapore","SGP","Asia",2025,6.585,2.167,1.471,1.059,0.98,0.145,0.512,NA,NA,NA,NA,21.5,10.5,11,63,2022.4,"Not in clustering sample"
"El Salvador","SLV","Americas",2025,6.578,1.448,1.086,0.633,1.089,0.047,0.289,NA,NA,42.4,NA,26,15,11,NA,2957,"Not in clustering sample"
"Italy","ITA","Europe",2025,6.574,1.899,1.405,0.975,0.746,0.075,0.067,NA,NA,36.07,NA,32,20,12,67,2372.25,"Not in clustering sample"
"Panama","PAN","Americas",2025,6.547,1.787,1.479,0.818,0.975,0.039,0.042,NA,NA,36.36,NA,40,30,10,NA,1743.5,"Not in clustering sample"
"Kuwait","KWT","Asia",2025,6.543,1.862,1.316,0.88,1.031,0.11,0.167,NA,NA,NA,NA,43,30,13,NA,NA,"Not in clustering sample"
"Spain","ESP","Europe",2025,6.54,1.871,1.552,1.036,0.857,0.112,0.167,NA,NA,36.42,NA,36,22,14,66.67,2832.5,"Not in clustering sample"
"Guatemala","GTM","Americas",2025,6.533,1.472,1.175,0.38,1.034,0.076,0.094,NA,NA,NA,NA,25,15,10,NA,NA,"Not in clustering sample"
"Malta","MLT","Europe",2025,6.436,1.942,1.532,0.948,0.977,0.183,0.12,NA,NA,37.71,NA,41,27,14,64,3054,"Not in clustering sample"
"Argentina","ARG","Americas",2025,6.43,1.7,1.517,0.621,0.97,0.052,0.076,NA,NA,36.57,NA,29,10,19,NA,2220.3,"Not in clustering sample"
"Viet Nam","VNM","Asia",2025,6.428,1.51,1.375,0.698,1.147,0.039,0.207,NA,NA,NA,NA,23,12,11,58.96,2123.5,"Not in clustering sample"
"Estonia","EST","Europe",2025,6.41,1.824,1.604,0.692,0.99,0.105,0.353,NA,NA,36.18,NA,39,28,12,64.75,1994.5,"Not in clustering sample"
"Bosnia and Herzegovina","BIH","Europe",2025,6.381,1.616,1.425,0.678,0.874,0.152,0.024,NA,NA,NA,NA,35,25,10,NA,1769,"Not in clustering sample"
"Latvia","LVA","Europe",2025,6.365,1.797,1.61,0.512,0.94,0.103,0.097,NA,NA,38.1,NA,32,20,12,65,1754,"Not in clustering sample"
"Jamaica","JAM","Americas",2025,6.305,1.445,1.554,0.371,0.966,0.059,0.082,NA,NA,NA,NA,10,10,NA,NA,NA,"Not in clustering sample"
"Chile","CHL","Americas",2025,6.302,1.73,1.427,0.792,0.926,0.087,0.087,NA,NA,38.94,NA,30,15,15,62.5,2841.78,"Not in clustering sample"
"Nicaragua","NIC","Americas",2025,6.301,1.32,1.349,0.74,1.03,0.097,0.278,NA,NA,NA,NA,20,11,9,NA,2759.9,"Not in clustering sample"
"Thailand","THA","Asia",2025,6.296,1.632,1.424,0.694,1.087,0.195,0.029,NA,NA,42.41,NA,19,6,13,60,2175.025,"Not in clustering sample"
"Uzbekistan","UZB","Asia",2025,6.283,1.415,1.527,0.771,1.085,0.173,0.196,NA,NA,NA,NA,15,15,NA,57.5,2823.9,"Not in clustering sample"
"Slovakia","SVK","Europe",2025,6.255,1.815,1.63,0.564,0.847,0.056,0.065,NA,NA,37.59,NA,34,22.5,14,63,2038,"Not in clustering sample"
"Bahrain","BHR","Asia",2025,6.254,1.93,1.293,0.693,1.055,0.143,0.171,NA,NA,NA,NA,44,30,14,NA,NA,"Not in clustering sample"
"Philippines","PHL","Asia",2025,6.206,1.413,1.285,0.286,1.085,0.088,0.095,NA,NA,NA,NA,17,5,12,NA,2103.1,"Not in clustering sample"
"Paraguay","PRY","Americas",2025,6.198,1.547,1.529,0.209,1.039,0.097,0.058,NA,NA,41.77,NA,22,10,12,NA,2803,"Not in clustering sample"
"Oman","OMN","Asia",2025,6.197,1.789,1.286,0.58,1.057,0.132,0.188,NA,NA,NA,NA,31,22,9,57.5,3493.3,"Not in clustering sample"
"Ecuador","ECU","Americas",2025,6.144,1.505,1.168,0.835,0.86,0.058,0.085,NA,NA,34.13,NA,23,11,12,NA,1909.55,"Not in clustering sample"
"Montenegro","MNE","Europe",2025,6.139,1.709,1.485,0.68,0.935,0.073,0.142,NA,NA,NA,NA,21,21,NA,NA,2481,"Not in clustering sample"
"Japan","JPN","Asia",2025,6.13,1.858,1.414,1.041,0.875,0.019,0.202,NA,NA,NA,NA,15,15,NA,65,1837.12,"Not in clustering sample"
"Cyprus","CYP","Asia",2025,6.126,1.892,1.215,0.953,0.794,0.086,0.07,NA,NA,37.67,NA,34,20,14,66,3314.1,"Not in clustering sample"
"Honduras","HND","Americas",2025,6.096,1.277,1.083,0.466,0.999,0.122,0.081,NA,NA,43.71,NA,19,8,11,NA,2259.8,"Not in clustering sample"
"Dominican Republic","DOM","Americas",2025,6.093,1.664,1.406,0.702,1.015,0.061,0.188,NA,NA,40.42,NA,23,10,13,NA,NA,"Not in clustering sample"
"China","CHN","Asia",2025,6.074,1.662,0.963,0.905,0.793,0.089,0.161,NA,NA,NA,NA,23,10,13,55.33,2028.58,"Not in clustering sample"
"Kyrgyzstan","KGZ","Asia",2025,6.049,1.296,1.565,0.759,1.108,0.142,0.102,NA,NA,NA,NA,20,20,NA,NA,NA,"Not in clustering sample"
"Republic of Korea","KOR","Asia",2025,6.04,1.906,1.23,1.028,0.825,0.089,0.149,NA,NA,38.49,NA,35,20,15,60,2196.65,"Not in clustering sample"
"Colombia","COL","Americas",2025,6.04,1.586,1.374,0.63,0.915,0.042,0.051,NA,NA,42.77,NA,33,15,18,59.5,1930.775,"Not in clustering sample"
"Portugal","PRT","Europe",2025,6.029,1.83,1.461,0.944,1.005,0.035,0.031,NA,NA,37.68,NA,31,22,9,66.58,2770,"Not in clustering sample"
"Croatia","HRV","Europe",2025,6.009,1.834,1.562,0.737,0.675,0.022,0.095,NA,NA,37.65,NA,33,20,13,64.375,2272,"Not in clustering sample"
"Malaysia","MYS","Asia",2025,6.005,1.766,1.17,0.413,1.109,0.161,0.112,NA,NA,NA,NA,19,8,11,60,NA,"Not in clustering sample"
"Peru","PER","Americas",2025,5.974,1.535,1.24,0.605,0.849,0.055,0.01,NA,NA,39.67,NA,28.5,16.5,12,60,2281.65,"Not in clustering sample"
"Mauritius","MUS","Africa",2025,5.939,1.707,1.384,0.704,0.926,0.092,0.127,NA,NA,NA,NA,38,22,16,60,NA,"Not in clustering sample"
"Hungary","HUN","Europe",2025,5.937,1.819,1.625,0.633,0.785,0.103,0.056,NA,NA,37.29,NA,33,20,13,65,1988,"Not in clustering sample"
"Mongolia","MNG","Asia",2025,5.936,1.558,1.615,0.421,0.752,0.162,0.051,NA,NA,46.94,NA,15,15,NA,57.5,2791.5,"Not in clustering sample"
"Trinidad and Tobago","TTO","Americas",2025,5.905,1.748,1.413,0.49,0.884,0.109,0,NA,NA,NA,NA,24,10,14,NA,NA,"Not in clustering sample"
"Republic of Moldova","MDA","Europe",2025,5.851,1.55,1.277,0.409,0.981,0.053,0.037,NA,NA,39.42,NA,20,20,NA,62.25,2126,"Not in clustering sample"
"Bolivia","BOL","Americas",2025,5.835,1.442,1.2,0.36,0.909,0.059,0.038,NA,NA,37.31,NA,31,20,11,NA,2288.9,"Not in clustering sample"
"Russian Federation","RUS","Europe",2025,5.834,1.821,1.331,0.505,0.809,0.112,0.133,NA,NA,38.99,NA,42.5,28.5,14,60.5,1972.7875,"Not in clustering sample"
"Venezuela","VEN","Americas",2025,5.756,0,1.335,0.561,0.846,0.18,0.133,NA,NA,NA,NA,29,15,14,57.5,2895.3,"Not in clustering sample"
"Libya","LBY","Africa",2025,5.731,1.48,1.136,0.619,0.865,0.099,0.245,NA,NA,NA,NA,22,22,NA,70,3178.1,"Not in clustering sample"
"North Macedonia","MKD","Europe",2025,5.719,1.665,1.448,0.581,0.74,0.124,0.013,NA,NA,39.39,NA,32,20,12,63,2339,"Not in clustering sample"
"Algeria","DZA","Africa",2025,5.714,1.535,1.275,0.964,0.933,0.057,0.113,NA,NA,NA,NA,41,30,11,60,3266.5,"Not in clustering sample"
"Bulgaria","BGR","Europe",2025,5.703,1.768,1.587,0.47,0.881,0.059,0.003,NA,NA,38.69,NA,32,20,12,63.5,2177,"Not in clustering sample"
"Greece","GRC","Europe",2025,5.697,1.795,1.257,0.799,0.478,0.023,0.064,NA,NA,39.52,NA,29,20,9,67,2773,"Not in clustering sample"
"Albania","ALB","Europe",2025,5.662,1.631,1.026,0.782,1.014,0.106,0.06,NA,NA,NA,NA,40,28,12,63.415,2544,"Not in clustering sample"
"Indonesia","IDN","Asia",2025,5.617,1.512,1.229,0.485,1.043,0.295,0.033,NA,NA,NA,NA,30,12,18,59,2521.65,"Not in clustering sample"
"Tajikistan","TJK","Asia",2025,5.591,1.18,1.476,0.783,0.926,0.085,0.336,NA,NA,NA,NA,NA,NA,NA,60.5,NA,"Not in clustering sample"
"Armenia","ARM","Asia",2025,5.584,1.608,1.225,1.05,0.914,0.026,0.152,NA,NA,NA,NA,36,20,12,63,2474,"Not in clustering sample"
"Hong Kong SAR of China","HKG","Asia",2025,5.569,1.96,1.33,1.238,0.852,0.09,0.395,NA,NA,NA,NA,27.5,10.5,17,65,NA,"Not in clustering sample"
"Georgia","GEO","Asia",2025,5.517,1.669,1.201,0.5,0.988,0,0.161,NA,NA,40.01,NA,39,24,15,62.5,2046,"Not in clustering sample"
"Lao PDR","LAO","Asia",2025,5.515,1.357,0.866,0.554,1.065,0.134,0.174,NA,NA,NA,NA,15,15,NA,NA,NA,"Not in clustering sample"
"Mozambique","MOZ","Africa",2025,5.336,0.839,1.018,0.126,0.888,0.116,0.165,NA,NA,NA,NA,19,10,9,NA,2838,"Not in clustering sample"
"Türkiye","TUR","Asia",2025,5.3,1.785,1.313,0.692,0.363,0.046,0.099,NA,NA,42.06,NA,26.5,12,14.5,59,2333.8,"Not in clustering sample"
"Iraq","IRQ","Asia",2025,5.212,1.477,1.127,0.704,0.615,0.087,0.084,NA,NA,NA,NA,20,20,NA,NA,3240.8,"Not in clustering sample"
"Gabon","GAB","Africa",2025,5.167,1.591,1.003,0.45,0.829,0.043,0.092,NA,NA,NA,NA,34,20,14,NA,1720.2,"Not in clustering sample"
"Iran","IRN","Asia",2025,5.151,1.565,1.249,0.693,0.599,0.189,0.124,NA,NA,NA,NA,53,26,27,NA,3043.225,"Not in clustering sample"
"Côte d’Ivoire","CIV","Africa",2025,5.148,1.285,0.694,0.45,0.84,0.1,0.176,NA,NA,NA,NA,34,20,14,NA,2321.32,"Not in clustering sample"
"Nepal","NPL","Asia",2025,5.147,1.2,1.099,0.508,0.887,0.117,0.075,NA,NA,NA,NA,28,15,13,NA,NA,"Not in clustering sample"
"Cameroon","CMR","Africa",2025,5.083,1.191,0.9,0.348,0.821,0.094,0.055,NA,NA,NA,NA,18,18,NA,60,2165.125,"Not in clustering sample"
"South Africa","ZAF","Africa",2025,5.009,1.494,1.285,0.101,0.825,0.064,0.064,NA,NA,NA,NA,27,15,12,60,3141.31666666667,"Not in clustering sample"
"Azerbaijan","AZE","Asia",2025,4.993,1.636,0.979,0.847,0.935,0.058,0.198,NA,NA,NA,NA,40,21,19,64.75,2207.4,"Not in clustering sample"
"Niger","NER","Africa",2025,4.94,0.89,0.651,0.3,0.9,0.121,0.115,NA,NA,NA,NA,33,22,11,NA,3203.2,"Not in clustering sample"
"Pakistan","PAK","Asia",2025,4.868,1.224,0.556,0.489,0.564,0.144,0.071,NA,NA,46.77,NA,29,14,15,60,3108.51666666667,"Not in clustering sample"
"Tunisia","TUN","Africa",2025,4.798,1.475,1.043,0.442,0.652,0.038,0.071,NA,NA,NA,NA,16,10,6,NA,3049.95,"Not in clustering sample"
"Nigeria","NGA","Africa",2025,4.788,1.335,1.083,0.462,0.735,0.151,0.036,NA,NA,NA,NA,5,5,NA,NA,2669.08,"Not in clustering sample"
"Senegal","SEN","Africa",2025,4.787,1.164,0.882,0.48,0.922,0.114,0.113,NA,NA,NA,NA,32,20,12,NA,3146,"Not in clustering sample"
"Namibia","NAM","Africa",2025,4.781,1.41,1.411,0.038,0.67,0.048,0.058,NA,NA,NA,NA,20,20,NA,NA,3737.5,"Not in clustering sample"
"State of Palestine","PSE","Asia",2025,4.694,1.242,1.335,0.704,0.742,0.073,0.095,NA,NA,41.9,NA,NA,NA,NA,NA,NA,"Not in clustering sample"
"Kenya","KEN","Africa",2025,4.674,1.242,0.879,0.518,0.798,0.207,0.093,NA,NA,NA,NA,31,21,10,NA,3030.125,"Not in clustering sample"
"Ukraine","UKR","Europe",2025,4.658,1.547,1.303,0.498,0.722,0.222,0.008,NA,NA,NA,NA,37,24,13,60,1955,"Not in clustering sample"
"Morocco","MAR","Africa",2025,4.646,1.376,0.401,0.674,0.844,0.035,0.086,NA,NA,NA,NA,25,15,13,NA,3155.46666666667,"Not in clustering sample"
"Guinea","GIN","Africa",2025,4.609,1.132,0.622,0.364,0.866,0.141,0.102,NA,NA,NA,NA,33,22,11,NA,2440,"Not in clustering sample"
"Mali","MLI","Africa",2025,4.588,1.036,0.779,0.381,0.904,0.078,0.105,NA,NA,NA,NA,22,22,NA,NA,3099.86666666667,"Not in clustering sample"
"Ghana","GHA","Africa",2025,4.554,1.297,0.961,0.507,0.932,0.123,0.035,NA,NA,NA,NA,28,15,13,NA,2367.5,"Not in clustering sample"
"India","IND","Asia",2025,4.536,1.397,0.732,0.298,1.015,0.121,0.124,NA,NA,45.45,NA,35,25,10,60,2517.02,"Not in clustering sample"
"Somalia","SOM","Africa",2025,4.508,0.818,0.791,0.035,0.928,0.155,0.218,NA,NA,NA,NA,22,13,9,NA,3103,"Not in clustering sample"
"Uganda","UGA","Africa",2025,4.491,1.032,1.181,0.449,0.924,0.14,0.043,NA,NA,NA,NA,28,15,13,NA,2304,"Not in clustering sample"
"Jordan","JOR","Asia",2025,4.478,1.388,1.055,0.606,0.853,0.053,0.174,NA,NA,NA,NA,26,14,12,NA,NA,"Not in clustering sample"
"Mauritania","MRT","Africa",2025,4.473,1.272,0.787,0.593,0.593,0.109,0.188,NA,NA,NA,NA,22,15,7,NA,3332.5,"Not in clustering sample"
"Cambodia","KHM","Asia",2025,4.462,1.295,1.075,0.531,1.123,0.148,0.088,NA,NA,NA,NA,45,18,27,NA,NA,"Not in clustering sample"
"Congo","COG","Africa",2025,4.456,1.259,0.554,0.391,0.751,0.074,0.123,NA,NA,NA,NA,26,26,NA,NA,1698.66666666667,"Not in clustering sample"
"Burkina Faso","BFA","Africa",2025,4.455,0.995,0.63,0.343,0.82,0.135,0.253,NA,NA,NA,NA,45,30,15,NA,3209,"Not in clustering sample"
"Benin","BEN","Africa",2025,4.393,1.122,0.087,0.409,0.816,0.086,0.243,NA,NA,NA,NA,37,24,13,NA,2630.46666666667,"Not in clustering sample"
"Chad","TCD","Africa",2025,4.385,0.979,0.676,0.292,0.571,0.151,0.116,NA,NA,NA,NA,27,24,3,NA,3353.2,"Not in clustering sample"
"Lesotho","LSO","Africa",2025,4.375,1.007,1.135,0,0.741,0.057,0.069,NA,NA,NA,NA,22,12,10,NA,NA,"Not in clustering sample"
"Bangladesh","BGD","Asia",2025,4.319,1.353,0.245,0.672,1.078,0.111,0.087,NA,NA,NA,NA,21,10,11,59,2066,"Not in clustering sample"
"Gambia","GMB","Africa",2025,4.306,1.05,0.853,0.393,0.807,0.223,0.042,NA,NA,43.55,NA,21,21,NA,NA,3070,"Not in clustering sample"
"Myanmar","MMR","Asia",2025,4.287,1.211,0.977,0.488,0.722,0.292,0.16,NA,NA,NA,NA,24,10,14,NA,NA,"Not in clustering sample"
"Liberia","LBR","Africa",2025,4.28,0.867,0.815,0.386,0.796,0.125,0.066,NA,NA,NA,NA,21,10,11,NA,NA,"Not in clustering sample"
"Togo","TGO","Africa",2025,4.277,1.039,0.572,0.442,0.682,0.085,0.144,NA,NA,NA,NA,22,22,NA,NA,2579.95,"Not in clustering sample"
"Madagascar","MDG","Africa",2025,4.174,0.867,0.71,0.393,0.38,0.118,0.116,NA,NA,NA,NA,35,22,13,NA,2864.43333333333,"Not in clustering sample"
"Zambia","ZMB","Africa",2025,4.106,1.109,0.861,0.25,0.991,0.139,0.101,NA,NA,NA,NA,31,20,11,NA,2965.46666666667,"Not in clustering sample"
"Sri Lanka","LKA","Asia",2025,4.013,1.496,1.13,0.567,0.872,0.111,0.059,NA,NA,NA,NA,40,20,20,55,NA,"Not in clustering sample"
"Ethiopia","ETH","Africa",2025,3.985,1.033,0.854,0.453,0.653,0.144,0.097,NA,NA,NA,NA,25,12,13,NA,2784.85,"Not in clustering sample"
"Comoros","COM","Africa",2025,3.925,1.089,0.352,0.468,0.373,0.118,0.172,NA,NA,NA,NA,25,25,NA,NA,NA,"Not in clustering sample"
"Eswatini","SWZ","Africa",2025,3.909,1.41,1.036,0.044,0.579,0.055,0.137,NA,NA,NA,NA,NA,NA,NA,NA,NA,"Not in clustering sample"
"Tanzania","TZA","Africa",2025,3.902,1.108,0.778,0.459,1.006,0.145,0.251,NA,NA,NA,NA,37,20,17,NA,3032.85,"Not in clustering sample"
"Egypt","EGY","Africa",2025,3.862,1.558,0.862,0.521,0.727,0.022,0.097,NA,NA,NA,NA,34,21,17,NA,3710.68,"Not in clustering sample"
"DR Congo","COD","Africa",2025,3.761,0.857,0.792,0.321,0.72,0.146,0.066,NA,NA,NA,NA,12,12,NA,NA,2225,"Not in clustering sample"
"Lebanon","LBN","Asia",2025,3.723,1.428,1.05,0.416,0.434,0.074,0.057,NA,NA,NA,NA,37,15,22,NA,2944,"Not in clustering sample"
"Yemen","YEM","Asia",2025,3.532,0.692,1.292,0.431,0.549,0.084,0.109,NA,NA,NA,NA,37,22,15,NA,NA,"Not in clustering sample"
"Botswana","BWA","Africa",2025,3.464,1.582,0.989,0.017,0.86,0.022,0.093,NA,NA,NA,NA,29,15,14,NA,3426.66666666667,"Not in clustering sample"
"Zimbabwe","ZWE","Africa",2025,3.346,1.213,0.782,0.189,0.729,0.056,0.128,NA,NA,NA,NA,33,22,11,NA,3065.4,"Not in clustering sample"
"Malawi","MWI","Africa",2025,3.284,0.864,0.326,0.299,0.812,0.109,0.143,NA,NA,NA,NA,NA,18,NA,NA,2795.86666666667,"Not in clustering sample"
"Sierra Leone","SLE","Africa",2025,3.251,1.054,0.692,0.405,0.8,0.131,0.052,NA,NA,NA,NA,18,18,NA,NA,NA,"Not in clustering sample"
"Afghanistan","AFG","Asia",2025,1.446,0.921,0,0.176,0,0.079,0.131,NA,NA,NA,NA,35,20,15,NA,3175.1,"Not in clustering sample"
"Finland","FIN","Europe",2024,7.736,1.749,1.783,0.824,0.986,0.11,0.502,NA,NA,NA,NA,36,25,11,64.75,1858,"Not in clustering sample"
"Denmark","DNK","Europe",2024,7.521,1.825,1.748,0.82,0.955,0.15,0.488,NA,NA,NA,0.836482410782459,37.5,27.5,10,67,1932,"Cluster 2"
"Iceland","ISL","Europe",2024,7.515,1.799,1.84,0.873,0.971,0.201,0.173,NA,NA,NA,2.03357689653288,38,24,14,67,1326,"Cluster 2"
"Sweden","SWE","Europe",2024,7.345,1.783,1.698,0.889,0.952,0.17,0.467,NA,NA,NA,0.867351830616747,34,25,9,64.5,1782.5,"Cluster 2"
"Netherlands","NLD","Europe",2024,7.306,1.822,1.667,0.844,0.86,0.186,0.344,NA,NA,NA,0.658301068123655,28,20,8,67,1662,"Cluster 2"
"Costa Rica","CRI","Americas",2024,7.274,1.492,1.6,0.68,0.948,0.067,0.118,NA,NA,NA,17.1153100151855,19,10,9,NA,NA,"Not in clustering sample"
"Norway","NOR","Europe",2024,7.262,1.902,1.711,0.863,0.962,0.168,0.425,NA,NA,NA,0.699343334540747,35,25,10,62,1373.33333333333,"Cluster 2"
"Israel","ISR","Asia",2024,7.234,1.695,1.743,0.824,0.74,0.144,0.193,NA,NA,37.74,3.717899427305,21,12,9,65.125,3311,"Cluster 2"
"Luxembourg","LUX","Europe",2024,7.122,2.028,1.558,0.864,0.931,0.117,0.397,NA,NA,NA,NA,42,28.5,11,65,1634,"Not in clustering sample"
"Mexico","MEX","Americas",2024,6.979,1.435,1.504,0.55,0.879,0.057,0.118,NA,22.8,NA,25.6378892147758,19,12,7,65,2596.25,"Cluster 3"
"Australia","AUS","Oceania",2024,6.974,1.767,1.647,0.841,0.857,0.164,0.285,NA,NA,NA,0.943353670965352,30,20,10,67,2975.42666666667,"Cluster 2"
"New Zealand","NZL","Oceania",2024,6.952,1.698,1.712,0.815,0.861,0.167,0.429,NA,NA,NA,NA,32,20,12,65,1967.06,"Not in clustering sample"
"Switzerland","CHE","Europe",2024,6.935,1.87,1.622,0.883,0.889,0.156,0.468,NA,NA,NA,0.504372291310641,27,20,7,64.5,1932.75,"Cluster 2"
"Belgium","BEL","Europe",2024,6.91,1.783,1.646,0.852,0.895,0.119,0.306,NA,NA,NA,NA,30,20,10,65,1546,"Not in clustering sample"
"Ireland","IRL","Europe",2024,6.889,1.988,1.659,0.823,0.906,0.179,0.382,NA,NA,NA,0.704088996849202,30,20,10,66,1453,"Cluster 2"
"Lithuania","LTU","Europe",2024,6.829,1.684,1.699,0.592,0.702,0.031,0.123,NA,NA,NA,2.65817031491798,34,20,14,64.75,1691,"Cluster 1"
"Austria","AUT","Europe",2024,6.81,1.791,1.592,0.814,0.856,0.179,0.28,NA,NA,NA,0.986754141324902,38,25,13,62.75,1884,"Cluster 2"
"Canada","CAN","Americas",2024,6.803,1.749,1.647,0.832,0.813,0.168,0.323,NA,NA,NA,1.98276753585526,25,15,10,65,2028.04444444444,"Cluster 2"
"Slovenia","SVN","Europe",2024,6.792,1.692,1.718,0.802,0.961,0.121,0.113,NA,NA,NA,0.707982478849613,33,20,13,60,1974,"Cluster 2"
"Czechia","CZE","Europe",2024,6.775,1.692,1.716,0.658,0.916,0.118,0.084,NA,NA,NA,0.614762172267724,33,20,13,64.5,1668,"Cluster 2"
"United Arab Emirates","ARE","Asia",2024,6.759,1.812,1.294,0.659,0.934,0.165,0.235,NA,NA,50.82,NA,44,30,14,65,3508.7,"Not in clustering sample"
"Germany","DEU","Europe",2024,6.753,1.785,1.625,0.776,0.858,0.148,0.351,NA,NA,NA,0.921323883995885,30,20,10,66,1644,"Cluster 2"
"United Kingdom","GBR","Europe",2024,6.728,1.725,1.562,0.779,0.872,0.211,0.318,NA,NA,NA,NA,29,20,9,66,1441.66666666667,"Not in clustering sample"
"United States","USA","Americas",2024,6.724,1.839,1.614,0.604,0.644,0.171,0.161,NA,NA,NA,NA,NA,NA,NA,66.83,2827.61851851852,"Not in clustering sample"
"Belize","BLZ","Americas",2024,6.711,1.256,1.54,0.525,1.018,0.072,0.082,NA,NA,NA,NA,27,14,13,NA,NA,"Not in clustering sample"
"Poland","POL","Europe",2024,6.673,1.666,1.595,0.63,0.79,0.021,0.169,NA,NA,NA,0.677232514498679,36,23,13,62.5,1997,"Cluster 1"
"Taiwan Province of China","TWN","Asia",2024,6.669,1.73,1.583,0.817,0.76,0.057,0.187,NA,NA,NA,NA,28.5,16.5,12,NA,1886.86666666667,"Not in clustering sample"
"Uruguay","URY","Americas",2024,6.661,1.554,1.654,0.523,0.913,0.078,0.197,NA,NA,NA,11.2797912352774,25,20,5,NA,2481.4,"Not in clustering sample"
"Kosovo","XKX","Europe",2024,6.659,1.281,1.454,0.896,0.893,0.201,0.087,NA,NA,42.25,NA,NA,NA,NA,NA,NA,"Not in clustering sample"
"Kuwait","KWT","Asia",2024,6.629,1.691,1.481,0.766,0.934,0.143,0.167,NA,NA,NA,NA,43,30,13,NA,NA,"Not in clustering sample"
"Serbia","SRB","Europe",2024,6.606,1.489,1.62,0.545,0.767,0.131,0.107,NA,NA,NA,0.890707780154318,31,20,11,64.415,2055,"Cluster 1"
"Saudi Arabia","SAU","Asia",2024,6.6,1.743,1.566,0.714,0.915,0.105,0.187,NA,NA,NA,0.800877278615474,30,21,9,60,3236.5,"Cluster 1"
"France","FRA","Europe",2024,6.593,1.733,1.535,0.832,0.743,0.099,0.264,NA,NA,NA,1.32534857400044,42,31,11,62.75,2315.125,"Cluster 1"
"Singapore","SGP","Asia",2024,6.565,2.022,1.565,0.935,0.856,0.164,0.522,NA,NA,NA,0.171456386553224,21.5,10.5,11,63,2022.4,"Cluster 2"
"Romania","ROU","Europe",2024,6.563,1.636,1.401,0.561,0.847,0.028,0.015,NA,NA,NA,1.12016310416234,37,20,17,63.5,2115,"Cluster 1"
"Brazil","BRA","Americas",2024,6.494,1.391,1.519,0.48,0.83,0.089,0.127,NA,NA,NA,18.6911635044563,28,16,13,63.5,2237.58181818182,"Cluster 3"
"El Salvador","SLV","Americas",2024,6.492,1.222,1.228,0.559,0.955,0.054,0.264,NA,NA,NA,3.29746979935764,26,15,11,NA,2957,"Not in clustering sample"
"Spain","ESP","Europe",2024,6.466,1.69,1.685,0.894,0.734,0.112,0.18,NA,NA,NA,0.728441170438818,36,22,14,66.67,2832.5,"Cluster 1"
"Estonia","EST","Europe",2024,6.417,1.65,1.716,0.642,0.902,0.128,0.378,NA,NA,NA,1.76399768916303,39,28,12,64.75,1994.5,"Cluster 2"
"Italy","ITA","Europe",2024,6.415,1.724,1.526,0.852,0.641,0.082,0.071,NA,NA,NA,0.566201157756669,32,20,12,67,2372.25,"Cluster 1"
"Panama","PAN","Americas",2024,6.407,1.594,1.6,0.717,0.876,0.041,0.042,NA,NA,NA,12.7779904982243,40,30,10,NA,1743.5,"Not in clustering sample"
"Argentina","ARG","Americas",2024,6.397,1.504,1.622,0.579,0.824,0.048,0.083,NA,NA,NA,3.94343865969129,29,10,19,NA,2220.3,"Not in clustering sample"
"Kazakhstan","KAZ","Asia",2024,6.378,1.586,1.688,0.504,0.878,0.111,0.118,NA,NA,NA,NA,40,24,16,62,2431.5,"Not in clustering sample"
"Guatemala","GTM","Americas",2024,6.362,1.249,1.33,0.376,0.882,0.075,0.085,NA,NA,42,22.7584390807546,25,15,10,NA,NA,"Not in clustering sample"
"Chile","CHL","Americas",2024,6.361,1.537,1.577,0.711,0.779,0.093,0.085,NA,NA,NA,6.10682496379986,30,15,15,62.5,2841.78,"Cluster 1"
"Viet Nam","VNM","Asia",2024,6.352,1.278,1.533,0.631,1.012,0.039,0.174,NA,NA,41.85,NA,23,12,11,58.96,2123.5,"Not in clustering sample"
"Nicaragua","NIC","Americas",2024,6.33,1.084,1.47,0.646,0.912,0.103,0.271,NA,NA,NA,NA,20,11,9,NA,2759.9,"Not in clustering sample"
"Malta","MLT","Europe",2024,6.316,1.76,1.671,0.837,0.837,0.217,0.115,NA,NA,NA,0.926600285022248,41,27,14,64,3054,"Cluster 1"
"Thailand","THA","Asia",2024,6.222,1.426,1.551,0.633,0.927,0.223,0.039,NA,NA,NA,NA,19,6,13,60,2175.025,"Not in clustering sample"
"Slovakia","SVK","Europe",2024,6.221,1.629,1.762,0.547,0.704,0.058,0.07,NA,NA,NA,1.07141050921145,34,22.5,14,63,2038,"Cluster 1"
"Latvia","LVA","Europe",2024,6.207,1.619,1.711,0.503,0.789,0.108,0.082,NA,20.2,NA,2.77796846631833,32,20,12,65,1754,"Cluster 1"
"Oman","OMN","Asia",2024,6.197,1.603,1.411,0.5,0.93,0.142,0.077,NA,NA,NA,NA,31,22,9,57.5,3493.3,"Not in clustering sample"
"Uzbekistan","UZB","Asia",2024,6.193,1.179,1.615,0.654,0.977,0.195,0.208,NA,NA,NA,NA,15,15,NA,57.5,2823.9,"Not in clustering sample"
"Paraguay","PRY","Americas",2024,6.172,1.329,1.615,0.291,0.921,0.097,0.063,NA,NA,NA,6.88395825579259,22,10,12,NA,2803,"Not in clustering sample"
"Japan","JPN","Asia",2024,6.147,1.678,1.55,0.921,0.746,0.014,0.2,NA,NA,NA,0.22868124913391,15,15,NA,65,1837.12,"Not in clustering sample"
"Bosnia and Herzegovina","BIH","Europe",2024,6.136,1.405,1.545,0.616,0.749,0.178,0.009,NA,NA,41.04,0.979694101577845,35,25,10,NA,1769,"Not in clustering sample"
"Philippines","PHL","Asia",2024,6.107,1.177,1.385,0.315,0.966,0.075,0.11,NA,NA,NA,4.31184545651845,17,5,12,NA,2103.1,"Not in clustering sample"
"Republic of Korea","KOR","Asia",2024,6.038,1.709,1.357,0.903,0.678,0.1,0.139,NA,NA,NA,0.489195262192225,35,20,15,60,2196.65,"Cluster 1"
"Bahrain","BHR","Asia",2024,6.03,1.752,1.391,0.609,0.907,0.148,0.167,NA,NA,NA,NA,44,30,14,NA,NA,"Not in clustering sample"
"Portugal","PRT","Europe",2024,6.013,1.646,1.56,0.822,0.879,0.04,0.034,NA,NA,NA,NA,31,22,9,66.58,2770,"Not in clustering sample"
"Colombia","COL","Americas",2024,6.004,1.38,1.513,0.587,0.777,0.039,0.051,NA,NA,NA,24.3541040593574,33,15,18,59.5,1930.775,"Cluster 3"
"Ecuador","ECU","Americas",2024,5.965,1.299,1.32,0.702,0.712,0.058,0.066,NA,NA,NA,38.9402484715387,23,11,12,NA,1909.55,"Not in clustering sample"
"Honduras","HND","Americas",2024,5.964,1.036,1.187,0.436,0.862,0.134,0.079,NA,NA,NA,23.9153049037414,19,8,11,NA,2259.8,"Not in clustering sample"
"Malaysia","MYS","Asia",2024,5.955,1.571,1.315,0.446,0.991,0.181,0.11,NA,NA,NA,0.68620912445242,19,8,11,60,NA,"Not in clustering sample"
"Peru","PER","Americas",2024,5.947,1.323,1.364,0.551,0.71,0.05,0.021,NA,NA,NA,NA,28.5,16.5,12,60,2281.65,"Not in clustering sample"
"Russian Federation","RUS","Europe",2024,5.945,1.63,1.549,0.47,0.702,0.095,0.125,NA,NA,NA,7.82141065835721,42.5,28.5,14,60.5,1972.7875,"Cluster 1"
"Cyprus","CYP","Asia",2024,5.942,1.72,1.348,0.84,0.612,0.108,0.041,NA,NA,NA,0.957091384557846,34,20,14,66,3314.1,"Cluster 1"
"China","CHN","Asia",2024,5.921,1.445,1.307,0.789,0.764,0.079,0.154,NA,NA,NA,NA,23,10,13,55.33,2028.58,"Not in clustering sample"
"Hungary","HUN","Europe",2024,5.915,1.638,1.742,0.587,0.681,0.099,0.057,NA,NA,NA,0.702759970936741,33,20,13,65,1988,"Cluster 1"
"Trinidad and Tobago","TTO","Americas",2024,5.905,1.549,1.532,0.419,0.76,0.111,0.001,NA,NA,NA,41.5179520374802,24,10,14,NA,NA,"Not in clustering sample"
"Montenegro","MNE","Europe",2024,5.877,1.507,1.551,0.618,0.768,0.075,0.138,NA,NA,42.86,2.50595752245377,21,21,NA,NA,2481,"Not in clustering sample"
"Croatia","HRV","Europe",2024,5.87,1.644,1.673,0.669,0.478,0.022,0.065,NA,NA,NA,1.00636720791159,33,20,13,64.375,2272,"Cluster 1"
"Jamaica","JAM","Americas",2024,5.87,1.182,1.545,0.504,0.869,0.075,0.019,NA,NA,NA,40.3638380867682,10,10,NA,NA,NA,"Not in clustering sample"
"Bolivia","BOL","Americas",2024,5.868,1.173,1.356,0.346,0.817,0.067,0.052,NA,NA,NA,3.64930721567929,31,20,11,NA,2288.9,"Not in clustering sample"
"Kyrgyzstan","KGZ","Asia",2024,5.858,1.032,1.715,0.647,0.981,0.169,0.053,NA,2.2,NA,NA,20,20,NA,NA,NA,"Not in clustering sample"
"Dominican Republic","DOM","Americas",2024,5.846,1.457,1.5,0.615,0.866,0.063,0.186,NA,NA,NA,9.11830936393492,23,10,13,NA,NA,"Not in clustering sample"
"Mongolia","MNG","Asia",2024,5.833,1.336,1.731,0.423,0.629,0.18,0.053,NA,NA,NA,5.6394114295908,15,15,NA,57.5,2791.5,"Not in clustering sample"
"Mauritius","MUS","Africa",2024,5.832,1.499,1.521,0.617,0.761,0.095,0.13,NA,NA,38.34,2.67470336359682,38,22,16,60,NA,"Not in clustering sample"
"Libya","LBY","Africa",2024,5.82,1.247,1.309,0.549,0.724,0.111,0.214,NA,NA,NA,NA,22,22,NA,70,3178.1,"Not in clustering sample"
"Republic of Moldova","MDA","Europe",2024,5.819,1.332,1.43,0.414,0.83,0.054,0.037,NA,NA,NA,2.00991083738981,20,20,NA,62.25,2126,"Not in clustering sample"
"Greece","GRC","Europe",2024,5.776,1.608,1.438,0.725,0.396,0.003,0.063,NA,NA,NA,0.845954939563237,29,20,9,67,2773,"Cluster 1"
"Venezuela","VEN","Americas",2024,5.683,0,1.493,0.515,0.702,0.154,0.117,NA,NA,NA,NA,29,15,14,57.5,2895.3,"Not in clustering sample"
"Indonesia","IDN","Asia",2024,5.617,1.288,1.372,0.454,0.918,0.323,0.044,NA,NA,NA,0.414832475557544,30,12,18,59,2521.65,"Cluster 3"
"Algeria","DZA","Africa",2024,5.571,1.315,1.363,0.782,0.522,0.057,0.219,NA,NA,NA,1.38205611607093,41,30,11,60,3266.5,"Cluster 1"
"Bulgaria","BGR","Europe",2024,5.554,1.573,1.725,0.463,0.708,0.055,0,NA,NA,NA,1.16903879188868,32,20,12,63.5,2177,"Cluster 1"
"North Macedonia","MKD","Europe",2024,5.503,1.458,1.537,0.544,0.637,0.13,0.007,NA,NA,NA,1.26165038132011,32,20,12,63,2339,"Cluster 1"
"Armenia","ARM","Asia",2024,5.494,1.391,1.349,0.828,0.786,0.032,0.158,NA,NA,NA,2.18572583163085,36,20,12,63,2474,"Cluster 1"
"Hong Kong SAR of China","HKG","Asia",2024,5.491,1.79,1.41,0.948,0.674,0.116,0.386,NA,NA,NA,NA,27.5,10.5,17,65,NA,"Not in clustering sample"
"Albania","ALB","Europe",2024,5.411,1.371,1.122,0.696,0.841,0.103,0.057,NA,NA,41.33,1.75516237132466,40,28,12,63.415,2544,"Cluster 1"
"Tajikistan","TJK","Asia",2024,5.411,0.914,1.555,0.658,0.966,0.085,0.342,NA,NA,NA,NA,NA,NA,NA,60.5,NA,"Not in clustering sample"
"Georgia","GEO","Asia",2024,5.4,1.444,1.275,0.482,0.844,0,0.172,NA,NA,NA,NA,39,24,15,62.5,2046,"Not in clustering sample"
"Nepal","NPL","Asia",2024,5.311,0.944,1.21,0.463,0.764,0.155,0.099,NA,NA,NA,NA,28,15,13,NA,NA,"Not in clustering sample"
"Lao PDR","LAO","Asia",2024,5.301,1.122,1.01,0.493,0.916,0.145,0.164,NA,NA,NA,NA,15,15,NA,NA,NA,"Not in clustering sample"
"Türkiye","TUR","Asia",2024,5.262,1.582,1.444,0.626,0.244,0.04,0.104,NA,NA,NA,2.41215070042969,26.5,12,14.5,59,2333.8,"Cluster 3"
"South Africa","ZAF","Africa",2024,5.213,1.283,1.465,0.142,0.676,0.064,0.043,NA,NA,42.39,39.7189774932538,27,15,12,60,3141.31666666667,"Cluster 3"
"Mozambique","MOZ","Africa",2024,5.19,0.559,1.131,0.124,0.813,0.127,0.173,NA,NA,NA,NA,19,10,9,NA,2838,"Not in clustering sample"
"Gabon","GAB","Africa",2024,5.12,1.386,1.224,0.387,0.651,0.042,0.086,NA,NA,46.31,NA,34,20,14,NA,1720.2,"Not in clustering sample"
"Côte d’Ivoire","CIV","Africa",2024,5.102,1.038,0.76,0.206,0.661,0.1,0.162,NA,NA,NA,NA,34,20,14,NA,2321.32,"Not in clustering sample"
"Iran","IRN","Asia",2024,5.093,1.33,1.367,0.609,0.456,0.202,0.122,NA,NA,46.78,NA,53,26,27,NA,3043.225,"Not in clustering sample"
"Congo","COG","Africa",2024,5.03,1.023,0.796,0.336,0.626,0.082,0.126,NA,NA,NA,NA,26,26,NA,NA,1698.66666666667,"Not in clustering sample"
"Iraq","IRQ","Asia",2024,4.976,1.261,1.275,0.589,0.503,0.1,0.069,NA,NA,NA,NA,20,20,NA,NA,3240.8,"Not in clustering sample"
"Guinea","GIN","Africa",2024,4.929,0.873,0.791,0.306,0.676,0.157,0.098,NA,NA,NA,NA,33,22,11,NA,2440,"Not in clustering sample"
"Namibia","NAM","Africa",2024,4.911,1.182,1.482,0.104,0.564,0.052,0.056,NA,NA,NA,NA,20,20,NA,NA,3737.5,"Not in clustering sample"
"Cameroon","CMR","Africa",2024,4.887,0.944,0.986,0.302,0.662,0.099,0.06,NA,NA,NA,NA,18,18,NA,60,2165.125,"Not in clustering sample"
"Nigeria","NGA","Africa",2024,4.885,0.989,1.245,0.38,0.639,0.17,0.028,NA,NA,33.5,NA,5,5,NA,NA,2669.08,"Not in clustering sample"
"Azerbaijan","AZE","Asia",2024,4.875,1.428,1.03,0.707,0.785,0.076,0.179,NA,NA,NA,1.9929227057989,40,21,19,64.75,2207.4,"Cluster 1"
"Senegal","SEN","Africa",2024,4.856,0.907,0.977,0.433,0.767,0.129,0.09,NA,NA,48.31,NA,32,20,12,NA,3146,"Not in clustering sample"
"State of Palestine","PSE","Asia",2024,4.78,1.047,1.456,0.104,0.618,0.055,0.081,NA,NA,NA,0.272953427048556,NA,NA,NA,NA,NA,"Not in clustering sample"
"Pakistan","PAK","Asia",2024,4.768,0.982,0.759,0.417,0.529,0.136,0.046,NA,NA,NA,4.32882404941659,29,14,15,60,3108.51666666667,"Cluster 3"
"Niger","NER","Africa",2024,4.725,0.606,0.796,0.258,0.759,0.122,0.137,NA,NA,NA,NA,33,22,11,NA,3203.2,"Not in clustering sample"
"Ukraine","UKR","Europe",2024,4.68,1.328,1.472,0.472,0.689,0.245,0.023,NA,NA,NA,NA,37,24,13,60,1955,"Not in clustering sample"
"Morocco","MAR","Africa",2024,4.622,1.139,0.635,0.585,0.748,0.031,0.095,NA,NA,NA,1.66749065213931,25,15,13,NA,3155.46666666667,"Not in clustering sample"
"Tunisia","TUN","Africa",2024,4.552,1.257,1.224,0.459,0.382,0.032,0.05,NA,NA,NA,NA,16,10,6,NA,3049.95,"Not in clustering sample"
"Mauritania","MRT","Africa",2024,4.542,1.023,0.919,0.516,0.454,0.113,0.195,NA,NA,NA,NA,22,15,7,NA,3332.5,"Not in clustering sample"
"Kenya","KEN","Africa",2024,4.51,0.994,1.047,0.448,0.649,0.22,0.073,NA,NA,NA,4.64976623716666,31,21,10,NA,3030.125,"Not in clustering sample"
"Uganda","UGA","Africa",2024,4.461,0.762,1.342,0.396,0.751,0.148,0.05,NA,NA,NA,8.81933788286006,28,15,13,NA,2304,"Not in clustering sample"
"Gambia","GMB","Africa",2024,4.423,0.778,0.958,0.348,0.611,0.255,0.045,NA,NA,NA,NA,21,21,NA,NA,3070,"Not in clustering sample"
"India","IND","Asia",2024,4.389,1.149,0.86,0.316,0.914,0.141,0.12,NA,NA,NA,NA,35,25,10,60,2517.02,"Not in clustering sample"
"Chad","TCD","Africa",2024,4.384,0.592,0.902,0.242,0.477,0.175,0.111,NA,NA,NA,NA,27,24,3,NA,3353.2,"Not in clustering sample"
"Burkina Faso","BFA","Africa",2024,4.383,0.724,0.828,0.296,0.671,0.142,0.218,NA,NA,NA,NA,45,30,15,NA,3209,"Not in clustering sample"
"Benin","BEN","Africa",2024,4.357,0.855,0.228,0.357,0.679,0.092,0.238,NA,NA,NA,NA,37,24,13,NA,2630.46666666667,"Not in clustering sample"
"Somalia","SOM","Africa",2024,4.347,0.535,0.877,0.046,0.916,0.206,0.192,NA,NA,NA,NA,22,13,9,NA,3103,"Not in clustering sample"
"Mali","MLI","Africa",2024,4.345,0.709,0.908,0.318,0.767,0.093,0.114,NA,NA,42.29,NA,22,22,NA,NA,3099.86666666667,"Not in clustering sample"
"Cambodia","KHM","Asia",2024,4.341,1.049,1.215,0.481,0.988,0.138,0.078,NA,NA,NA,NA,45,18,27,NA,NA,"Not in clustering sample"
"Ghana","GHA","Africa",2024,4.34,1.053,1.01,0.438,0.771,0.139,0.025,NA,NA,35.53,NA,28,15,13,NA,2367.5,"Not in clustering sample"
"Myanmar","MMR","Asia",2024,4.321,0.975,1.144,0.446,0.569,0.322,0.163,NA,NA,NA,NA,24,10,14,NA,NA,"Not in clustering sample"
"Togo","TGO","Africa",2024,4.315,0.757,0.736,0.378,0.576,0.097,0.153,NA,NA,NA,NA,22,22,NA,NA,2579.95,"Not in clustering sample"
"Jordan","JOR","Asia",2024,4.31,1.158,1.202,0.573,0.7,0.051,0.164,NA,NA,48.13,0.839617771367061,26,14,12,NA,NA,"Not in clustering sample"
"Liberia","LBR","Africa",2024,4.277,0.582,0.888,0.324,0.653,0.143,0.068,NA,NA,NA,NA,21,10,11,NA,NA,"Not in clustering sample"
"Madagascar","MDG","Africa",2024,4.157,0.588,0.938,0.341,0.292,0.131,0.118,NA,NA,NA,NA,35,22,13,NA,2864.43333333333,"Not in clustering sample"
"Zambia","ZMB","Africa",2024,3.912,0.848,1.013,0.233,0.872,0.131,0.107,NA,NA,42.91,NA,31,20,11,NA,2965.46666666667,"Not in clustering sample"
"Ethiopia","ETH","Africa",2024,3.898,0.757,1.051,0.416,0.54,0.182,0.1,NA,NA,NA,NA,25,12,13,NA,2784.85,"Not in clustering sample"
"Sri Lanka","LKA","Asia",2024,3.891,1.271,1.308,0.567,0.696,0.121,0.025,NA,NA,43.02,NA,40,20,20,55,NA,"Not in clustering sample"
"Bangladesh","BGD","Asia",2024,3.851,1.116,0.286,0.592,0.92,0.11,0.132,NA,NA,46.73,NA,21,10,11,59,2066,"Not in clustering sample"
"Egypt","EGY","Africa",2024,3.817,1.347,1.075,0.473,0.593,0.018,0.103,NA,NA,45.12,NA,34,21,17,NA,3710.68,"Not in clustering sample"
"Tanzania","TZA","Africa",2024,3.8,0.847,0.908,0.411,0.858,0.153,0.243,NA,NA,40.72,3.30075090113927,37,20,17,NA,3032.85,"Not in clustering sample"
"Eswatini","SWZ","Africa",2024,3.774,1.183,1.152,0.038,0.428,0.054,0.13,NA,NA,NA,13.6785531952899,NA,NA,NA,NA,NA,"Not in clustering sample"
"Lesotho","LSO","Africa",2024,3.757,0.737,1.131,0,0.606,0.065,0.072,NA,NA,49.26,22.2039447297183,22,12,10,NA,NA,"Not in clustering sample"
"Comoros","COM","Africa",2024,3.754,0.835,0.501,0.428,0.26,0.117,0.164,NA,NA,NA,NA,25,25,NA,NA,NA,"Not in clustering sample"
"Yemen","YEM","Asia",2024,3.561,0.631,1.482,0.375,0.447,0.066,0.106,NA,NA,NA,NA,37,22,15,NA,NA,"Not in clustering sample"
"DR Congo","COD","Africa",2024,3.469,0.544,0.929,0.278,0.6,0.151,0.061,NA,NA,NA,NA,12,12,NA,NA,2225,"Not in clustering sample"
"Botswana","BWA","Africa",2024,3.438,1.388,1.146,0.094,0.697,0.018,0.083,NA,NA,42.92,NA,29,15,14,NA,3426.66666666667,"Not in clustering sample"
"Zimbabwe","ZWE","Africa",2024,3.396,0.827,0.961,0.178,0.598,0.065,0.131,NA,NA,46.16,NA,33,22,11,NA,3065.4,"Not in clustering sample"
"Malawi","MWI","Africa",2024,3.26,0.588,0.489,0.28,0.677,0.115,0.136,NA,NA,28.03,NA,NA,18,NA,NA,2795.86666666667,"Not in clustering sample"
"Lebanon","LBN","Asia",2024,3.188,1.223,0.984,0.44,0.279,0.071,0.041,NA,NA,NA,2.63522243473368,37,15,22,NA,2944,"Not in clustering sample"
"Sierra Leone","SLE","Africa",2024,2.998,0.786,0.692,0.327,0.613,0.138,0.052,NA,NA,NA,NA,18,18,NA,NA,NA,"Not in clustering sample"
"Afghanistan","AFG","Asia",2024,1.364,0.649,0,0.155,0,0.075,0.135,NA,NA,NA,NA,35,20,15,NA,3175.1,"Not in clustering sample"
"Finland","FIN","Europe",2023,7.741,1.844,1.572,0.695,0.859,0.142,0.546,NA,NA,NA,0.928374894921798,36,25,11,64.75,1858,"Cluster 2"
"Denmark","DNK","Europe",2023,7.583,1.908,1.52,0.699,0.823,0.204,0.548,NA,34.9,NA,0.840599404536194,37.5,27.5,10,67,1932,"Cluster 2"
"Iceland","ISL","Europe",2023,7.525,1.881,1.617,0.718,0.819,0.258,0.182,NA,NA,NA,1.29013114183057,38,24,14,67,1326,"Cluster 2"
"Sweden","SWE","Europe",2023,7.344,1.878,1.501,0.724,0.838,0.221,0.524,NA,35.9,NA,1.14675703743944,34,25,9,64.5,1782.5,"Cluster 2"
"Israel","ISR","Asia",2023,7.341,1.803,1.513,0.74,0.641,0.153,0.193,NA,NA,NA,NA,21,12,9,65.125,3311,"Not in clustering sample"
"Netherlands","NLD","Europe",2023,7.319,1.901,1.462,0.706,0.725,0.247,0.372,NA,NA,NA,0.690893081283378,28,20,8,67,1662,"Cluster 2"
"Norway","NOR","Europe",2023,7.302,1.952,1.517,0.704,0.835,0.224,0.484,NA,34.3,NA,0.724747049690651,35,25,10,62,1373.33333333333,"Cluster 2"
"Luxembourg","LUX","Europe",2023,7.122,2.141,1.355,0.708,0.801,0.146,0.432,NA,63.3,NA,NA,42,28.5,11,65,1634,"Not in clustering sample"
"Switzerland","CHE","Europe",2023,7.06,1.97,1.425,0.747,0.759,0.173,0.498,NA,NA,NA,0.597481940544685,27,20,7,64.5,1932.75,"Cluster 2"
"Australia","AUS","Oceania",2023,7.057,1.854,1.461,0.692,0.756,0.225,0.323,NA,12.2,NA,0.839283805104086,30,20,10,67,2975.42666666667,"Cluster 2"
"New Zealand","NZL","Oceania",2023,7.029,1.81,1.527,0.673,0.746,0.226,0.48,NA,16,NA,NA,32,20,12,65,1967.06,"Not in clustering sample"
"Costa Rica","CRI","Americas",2023,6.955,1.561,1.373,0.661,0.797,0.109,0.123,NA,NA,NA,17.7258932503618,19,10,9,NA,NA,"Not in clustering sample"
"Kuwait","KWT","Asia",2023,6.951,1.845,1.364,0.661,0.827,0.2,0.172,NA,NA,NA,NA,43,30,13,NA,NA,"Not in clustering sample"
"Austria","AUT","Europe",2023,6.905,1.885,1.336,0.696,0.703,0.214,0.305,NA,37.9,NA,0.876191031111463,38,25,13,62.75,1884,"Cluster 2"
"Canada","CAN","Americas",2023,6.9,1.84,1.459,0.701,0.73,0.23,0.368,NA,NA,NA,2.02549144599465,25,15,10,65,2028.04444444444,"Cluster 2"
"Belgium","BEL","Europe",2023,6.894,1.868,1.44,0.69,0.729,0.17,0.311,NA,32.3,NA,NA,30,20,10,65,1546,"Not in clustering sample"
"Ireland","IRL","Europe",2023,6.838,2.129,1.39,0.7,0.758,0.205,0.418,NA,NA,NA,0.635026930914843,30,20,10,66,1453,"Cluster 2"
"Czechia","CZE","Europe",2023,6.822,1.783,1.511,0.638,0.787,0.177,0.068,NA,NA,NA,0.767827757917044,33,20,13,64.5,1668,"Cluster 2"
"Lithuania","LTU","Europe",2023,6.818,1.766,1.454,0.598,0.533,0.044,0.116,NA,NA,NA,2.62779952622526,34,20,14,64.75,1691,"Cluster 1"
"United Kingdom","GBR","Europe",2023,6.749,1.822,1.326,0.672,0.713,0.267,0.351,NA,NA,NA,NA,29,20,9,66,1441.66666666667,"Not in clustering sample"
"Slovenia","SVN","Europe",2023,6.743,1.786,1.502,0.695,0.789,0.157,0.131,NA,NA,NA,0.566466326409227,33,20,13,60,1974,"Cluster 1"
"United Arab Emirates","ARE","Asia",2023,6.733,1.983,1.164,0.563,0.815,0.209,0.258,NA,NA,NA,0.516816212919259,44,30,14,65,3508.7,"Cluster 1"
"United States","USA","Americas",2023,6.725,1.939,1.392,0.542,0.586,0.223,0.169,NA,NA,NA,5.76340794073065,NA,NA,NA,66.83,2827.61851851852,"Not in clustering sample"
"Germany","DEU","Europe",2023,6.719,1.871,1.39,0.702,0.7,0.174,0.368,NA,46.4,NA,0.910722780231795,30,20,10,66,1644,"Cluster 2"
"Mexico","MEX","Americas",2023,6.678,1.521,1.241,0.544,0.722,0.086,0.127,NA,19.2,NA,24.8589948436701,19,12,7,65,2596.25,"Cluster 3"
"Uruguay","URY","Americas",2023,6.611,1.596,1.431,0.592,0.775,0.106,0.22,NA,11.1,NA,11.2453054170348,25,20,5,NA,2481.4,"Not in clustering sample"
"France","FRA","Europe",2023,6.609,1.818,1.348,0.727,0.65,0.112,0.281,NA,NA,NA,1.33506280409367,42,31,11,62.75,2315.125,"Cluster 1"
"Saudi Arabia","SAU","Asia",2023,6.594,1.842,1.361,0.511,0.787,0.114,0.188,NA,NA,NA,0.61928268306447,30,21,9,60,3236.5,"Cluster 1"
"Kosovo","XKX","Europe",2023,6.561,1.364,1.277,0.599,0.739,0.254,0.073,NA,NA,NA,NA,NA,NA,NA,NA,NA,"Not in clustering sample"
"Singapore","SGP","Asia",2023,6.523,2.118,1.361,0.769,0.743,0.168,0.575,NA,NA,NA,0.0690954942050905,21.5,10.5,11,63,2022.4,"Cluster 2"
"Taiwan Province of China","TWN","Asia",2023,6.503,1.842,1.346,0.65,0.649,0.068,0.202,NA,NA,NA,NA,28.5,16.5,12,NA,1886.86666666667,"Not in clustering sample"
"Romania","ROU","Europe",2023,6.491,1.699,1.236,0.583,0.717,0.041,0.006,NA,NA,NA,1.10887485110282,37,20,17,63.5,2115,"Cluster 1"
"El Salvador","SLV","Americas",2023,6.469,1.265,1.08,0.549,0.816,0.083,0.253,NA,2.5,NA,5.08746638468473,26,15,11,NA,2957,"Not in clustering sample"
"Estonia","EST","Europe",2023,6.448,1.752,1.527,0.657,0.805,0.166,0.401,NA,NA,NA,1.53599045052794,39,28,12,64.75,1994.5,"Cluster 2"
"Poland","POL","Europe",2023,6.442,1.738,1.417,0.639,0.6,0.081,0.175,NA,NA,NA,0.802314721828908,36,23,13,62.5,1997,"Cluster 1"
"Spain","ESP","Europe",2023,6.421,1.766,1.471,0.729,0.619,0.119,0.177,NA,NA,NA,0.690855954769765,36,22,14,66.67,2832.5,"Cluster 1"
"Serbia","SRB","Europe",2023,6.411,1.538,1.391,0.585,0.663,0.2,0.101,NA,NA,NA,1.31400205013848,31,20,11,64.415,2055,"Cluster 1"
"Chile","CHL","Americas",2023,6.36,1.616,1.369,0.673,0.651,0.117,0.075,NA,8.7,NA,6.35337750176956,30,15,15,62.5,2841.78,"Cluster 1"
"Panama","PAN","Americas",2023,6.358,1.702,1.392,0.633,0.72,0.063,0.043,NA,NA,NA,11.7072934419645,40,30,10,NA,1743.5,"Not in clustering sample"
"Malta","MLT","Europe",2023,6.346,1.827,1.444,0.707,0.727,0.25,0.125,NA,NA,NA,0.562898250512237,41,27,14,64,3054,"Cluster 1"
"Italy","ITA","Europe",2023,6.324,1.8,1.328,0.72,0.513,0.112,0.074,NA,NA,NA,0.568072449338316,32,20,12,67,2372.25,"Cluster 1"
"Guatemala","GTM","Americas",2023,6.287,1.26,1.169,0.467,0.735,0.105,0.078,NA,2.4,NA,23.8181445764686,25,15,10,NA,NA,"Not in clustering sample"
"Nicaragua","NIC","Americas",2023,6.284,1.097,1.263,0.542,0.793,0.133,0.251,NA,NA,NA,5.45165735512843,20,11,9,NA,2759.9,"Not in clustering sample"
"Brazil","BRA","Americas",2023,6.272,1.43,1.269,0.548,0.685,0.13,0.142,NA,NA,NA,20.5753765300299,28,16,13,63.5,2237.58181818182,"Cluster 3"
"Slovakia","SVK","Europe",2023,6.257,1.706,1.54,0.638,0.566,0.096,0.058,NA,10.1,NA,1.12358440823663,34,22.5,14,63,2038,"Cluster 1"
"Latvia","LVA","Europe",2023,6.234,1.7,1.508,0.564,0.666,0.127,0.078,NA,23.2,NA,1.80620868297638,32,20,12,65,1754,"Cluster 1"
"Uzbekistan","UZB","Asia",2023,6.195,1.212,1.394,0.539,0.835,0.251,0.215,NA,1.9,NA,NA,15,15,NA,57.5,2823.9,"Not in clustering sample"
"Argentina","ARG","Americas",2023,6.188,1.562,1.381,0.585,0.681,0.087,0.08,NA,NA,NA,4.49510732711059,29,10,19,NA,2220.3,"Not in clustering sample"
"Kazakhstan","KAZ","Asia",2023,6.188,1.622,1.457,0.556,0.733,0.149,0.12,NA,NA,NA,NA,40,24,16,62,2431.5,"Not in clustering sample"
"Cyprus","CYP","Asia",2023,6.068,1.794,1.217,0.744,0.529,0.124,0.049,NA,16.2,NA,0.81785876397005,34,20,14,66,3314.1,"Cluster 1"
"Japan","JPN","Asia",2023,6.06,1.786,1.354,0.785,0.632,0.023,0.219,NA,NA,NA,0.229153196964695,15,15,NA,65,1837.12,"Not in clustering sample"
"Republic of Korea","KOR","Asia",2023,6.058,1.815,1.178,0.77,0.555,0.126,0.158,NA,NA,NA,0.477306316584835,35,20,15,60,2196.65,"Cluster 1"
"Philippines","PHL","Asia",2023,6.048,1.232,1.146,0.441,0.826,0.099,0.136,NA,NA,39.99,4.34759149828352,17,5,12,NA,2103.1,"Not in clustering sample"
"Viet Nam","VNM","Asia",2023,6.043,1.331,1.267,0.539,0.843,0.094,0.16,NA,NA,NA,NA,23,12,11,58.96,2123.5,"Not in clustering sample"
"Portugal","PRT","Europe",2023,6.03,1.728,1.368,0.699,0.757,0.047,0.035,NA,NA,NA,0.709441652163059,31,22,9,66.58,2770,"Cluster 1"
"Hungary","HUN","Europe",2023,6.017,1.722,1.528,0.596,0.581,0.123,0.067,NA,NA,NA,0.722657964901225,33,20,13,65,1988,"Cluster 1"
"Paraguay","PRY","Americas",2023,5.977,1.398,1.408,0.549,0.788,0.131,0.065,NA,NA,NA,6.7795163925492,22,10,12,NA,2803,"Not in clustering sample"
"Thailand","THA","Asia",2023,5.976,1.484,1.347,0.62,0.756,0.283,0.024,NA,39.4,NA,NA,19,6,13,60,2175.025,"Not in clustering sample"
"Malaysia","MYS","Asia",2023,5.975,1.646,1.143,0.54,0.829,0.226,0.119,NA,NA,NA,0.754420519919292,19,8,11,60,NA,"Not in clustering sample"
"China","CHN","Asia",2023,5.973,1.497,1.239,0.629,0.704,0.132,0.164,NA,NA,NA,NA,23,10,13,55.33,2028.58,"Not in clustering sample"
"Honduras","HND","Americas",2023,5.968,1.091,1.035,0.502,0.72,0.175,0.081,NA,NA,NA,31.4424316507577,19,8,11,NA,2259.8,"Not in clustering sample"
"Bahrain","BHR","Asia",2023,5.959,1.594,1.549,0.597,0.748,0.075,0.062,NA,NA,NA,NA,44,30,14,NA,NA,"Not in clustering sample"
"Croatia","HRV","Europe",2023,5.942,1.71,1.445,0.637,0.469,0.064,0.043,NA,24.7,NA,0.667347104040825,33,20,13,64.375,2272,"Cluster 1"
"Greece","GRC","Europe",2023,5.934,1.684,1.276,0.696,0.337,0.018,0.093,NA,NA,NA,0.839605274224601,29,20,9,67,2773,"Cluster 1"
"Bosnia and Herzegovina","BIH","Europe",2023,5.877,1.465,1.318,0.587,0.621,0.246,0,NA,NA,NA,1.22446173133237,35,25,10,NA,1769,"Not in clustering sample"
"Libya","LBY","Africa",2023,5.866,1.526,1.1,0.55,0.592,0.111,0.204,NA,NA,NA,NA,22,22,NA,70,3178.1,"Not in clustering sample"
"Jamaica","JAM","Americas",2023,5.842,1.28,1.324,0.567,0.647,0.089,0.028,NA,NA,43.63,49.4403451527686,10,10,NA,NA,NA,"Not in clustering sample"
"Peru","PER","Americas",2023,5.841,1.371,1.18,0.662,0.615,0.078,0.029,NA,NA,NA,NA,28.5,16.5,12,60,2281.65,"Not in clustering sample"
"Dominican Republic","DOM","Americas",2023,5.823,1.517,1.272,0.511,0.73,0.086,0.196,NA,NA,NA,10.9166976980638,23,10,13,NA,NA,"Not in clustering sample"
"Mauritius","MUS","Africa",2023,5.816,1.57,1.358,0.49,0.641,0.123,0.118,NA,NA,NA,1.88443986595351,38,22,16,60,NA,"Not in clustering sample"
"Republic of Moldova","MDA","Europe",2023,5.816,1.385,1.277,0.542,0.695,0.077,0.044,NA,NA,NA,2.54314378217647,20,20,NA,62.25,2126,"Not in clustering sample"
"Russian Federation","RUS","Europe",2023,5.785,1.642,1.351,0.531,0.551,0.138,0.121,NA,16,NA,6.04508370761554,42.5,28.5,14,60.5,1972.7875,"Cluster 1"
"Bolivia","BOL","Americas",2023,5.784,1.217,1.179,0.488,0.719,0.1,0.061,NA,NA,NA,4.41843313132273,31,20,11,NA,2288.9,"Not in clustering sample"
"Ecuador","ECU","Americas",2023,5.725,1.315,1.151,0.64,0.606,0.087,0.078,NA,NA,NA,45.8729806753395,23,11,12,NA,1909.55,"Not in clustering sample"
"Kyrgyzstan","KGZ","Asia",2023,5.714,1.054,1.477,0.588,0.834,0.225,0.03,NA,1.7,38.66,NA,20,20,NA,NA,NA,"Not in clustering sample"
"Montenegro","MNE","Europe",2023,5.707,1.571,1.318,0.587,0.632,0.11,0.132,NA,NA,NA,0.789201202111271,21,21,NA,NA,2481,"Not in clustering sample"
"Mongolia","MNG","Asia",2023,5.696,1.353,1.511,0.4,0.501,0.237,0.055,NA,NA,NA,5.91503475082916,15,15,NA,57.5,2791.5,"Not in clustering sample"
"Colombia","COL","Americas",2023,5.695,1.437,1.241,0.648,0.644,0.072,0.059,NA,2,NA,24.9134420347488,33,15,18,59.5,1930.775,"Cluster 3"
"Venezuela","VEN","Americas",2023,5.607,0,1.321,0.491,0.518,0.192,0.086,NA,NA,NA,13.812304038599,29,15,14,57.5,2895.3,"Cluster 3"
"Indonesia","IDN","Asia",2023,5.568,1.361,1.184,0.472,0.779,0.399,0.055,NA,NA,38.36,0.399729625584053,30,12,18,59,2521.65,"Cluster 3"
"Bulgaria","BGR","Europe",2023,5.463,1.629,1.469,0.567,0.62,0.083,0.006,NA,16.6,NA,1.08890737415431,32,20,12,63.5,2177,"Cluster 1"
"Armenia","ARM","Asia",2023,5.455,1.444,1.154,0.603,0.65,0.051,0.173,NA,NA,NA,2.20833575400906,36,20,12,63,2474,"Cluster 1"
"South Africa","ZAF","Africa",2023,5.422,1.389,1.369,0.322,0.537,0.078,0.034,NA,NA,NA,43.3759945153785,27,15,12,60,3141.31666666667,"Cluster 3"
"North Macedonia","MKD","Europe",2023,5.369,1.475,1.277,0.569,0.58,0.194,0.015,NA,NA,NA,1.52854990019388,32,20,12,63,2339,"Cluster 1"
"Algeria","DZA","Africa",2023,5.364,1.324,1.191,0.568,0.247,0.091,0.2,NA,18.2,NA,1.16107238811947,41,30,11,60,3266.5,"Cluster 1"
"Hong Kong SAR of China","HKG","Asia",2023,5.316,1.909,1.184,0.857,0.485,0.147,0.402,NA,NA,NA,0.376205815214825,27.5,10.5,17,65,NA,"Not in clustering sample"
"Albania","ALB","Europe",2023,5.304,1.438,0.924,0.638,0.69,0.138,0.049,NA,4.2,NA,1.38708340817063,40,28,12,63.415,2544,"Cluster 1"
"Tajikistan","TJK","Asia",2023,5.281,0.775120675563812,0.732,0.044,0.65,0.289,0.123,NA,1,NA,NA,NA,NA,NA,60.5,NA,"Not in clustering sample"
"Congo","COG","Africa",2023,5.221,0.892,0.622,0.306,0.523,0.124,0.138,NA,NA,NA,NA,26,26,NA,NA,1698.66666666667,"Not in clustering sample"
"Mozambique","MOZ","Africa",2023,5.216,0.56,0.883,0.156,0.728,0.158,0.196,NA,NA,NA,NA,19,10,9,NA,2838,"Not in clustering sample"
"Georgia","GEO","Asia",2023,5.185,1.467,0.99,0.524,0.68,0,0.174,NA,NA,NA,NA,39,24,15,62.5,2046,"Not in clustering sample"
"Iraq","IRQ","Asia",2023,5.166,1.249,0.996,0.498,0.425,0.141,0.048,NA,NA,NA,NA,20,20,NA,NA,3240.8,"Not in clustering sample"
"Nepal","NPL","Asia",2023,5.158,0.965,0.99,0.443,0.653,0.209,0.115,NA,NA,NA,NA,28,15,13,NA,NA,"Not in clustering sample"
"Lao PDR","LAO","Asia",2023,5.139,1.208,0.846,0.423,0.796,0.17,0.167,NA,NA,NA,NA,15,15,NA,NA,NA,"Not in clustering sample"
"Gabon","GAB","Africa",2023,5.106,1.403,1.038,0.344,0.516,0.045,0.1,NA,NA,NA,NA,34,20,14,NA,1720.2,"Not in clustering sample"
"Côte d’Ivoire","CIV","Africa",2023,5.08,1.08,0.578,0.288,0.547,0.12,0.164,NA,4.2,NA,NA,34,20,14,NA,2321.32,"Not in clustering sample"
"Guinea","GIN","Africa",2023,5.023,0.831,0.622,0.236,0.521,0.21,0.107,NA,NA,NA,NA,33,22,11,NA,2440,"Not in clustering sample"
"Türkiye","TUR","Asia",2023,4.975,1.702,1.175,0.631,0.202,0.068,0.115,NA,NA,NA,3.2359158609854,26.5,12,14.5,59,2333.8,"Cluster 3"
"Senegal","SEN","Africa",2023,4.969,0.927,0.751,0.392,0.607,0.152,0.069,NA,NA,NA,NA,32,20,12,NA,3146,"Not in clustering sample"
"Iran","IRN","Asia",2023,4.923,1.435,1.136,0.571,0.366,0.235,0.123,NA,NA,NA,NA,53,26,27,NA,3043.225,"Not in clustering sample"
"Azerbaijan","AZE","Asia",2023,4.893,1.433,0.876,0.496,0.668,0.112,0.199,NA,NA,NA,2.16122820563689,40,21,19,64.75,2207.4,"Cluster 1"
"Nigeria","NGA","Africa",2023,4.881,1.042,1.075,0.256,0.566,0.201,0.019,NA,NA,NA,15.7466808233499,5,5,NA,NA,2669.08,"Not in clustering sample"
"State of Palestine","PSE","Asia",2023,4.879,1.101,0.747,0.495,0.632,0.097,0.12593187391758,NA,NA,NA,0.351253322694671,NA,NA,NA,NA,NA,"Not in clustering sample"
"Cameroon","CMR","Africa",2023,4.874,0.943,0.856,0.288,0.521,0.126,0.06,NA,NA,NA,NA,18,18,NA,60,2165.125,"Not in clustering sample"
"Ukraine","UKR","Europe",2023,4.873,1.35,1.315,0.513,0.631,0.285,0.025,NA,10.6,NA,NA,37,24,13,60,1955,"Not in clustering sample"
"Namibia","NAM","Africa",2023,4.832,1.266,1.212,0.307,0.47,0.069,0.061,NA,NA,NA,NA,20,20,NA,NA,3737.5,"Not in clustering sample"
"Morocco","MAR","Africa",2023,4.795,1.213,0.471,0.495,0.631,0.042,0.082,NA,19.4,NA,1.70500474577332,25,15,13,NA,3155.46666666667,"Not in clustering sample"
"Pakistan","PAK","Asia",2023,4.657,1.069,0.6,0.321,0.542,0.144,0.074,NA,NA,NA,4.33487075793336,29,14,15,60,3108.51666666667,"Cluster 3"
"Niger","NER","Africa",2023,4.556,0.573,0.677,0.293,0.615,0.145,0.147,NA,NA,NA,NA,33,22,11,NA,3203.2,"Not in clustering sample"
"Burkina Faso","BFA","Africa",2023,4.548,0.756,0.685,0.274,0.483,0.173,0.179,NA,NA,NA,NA,45,30,15,NA,3209,"Not in clustering sample"
"Mauritania","MRT","Africa",2023,4.505,1.078,0.705,0.4,0.343,0.133,0.198,NA,NA,NA,NA,22,15,7,NA,3332.5,"Not in clustering sample"
"Gambia","GMB","Africa",2023,4.485,0.75,0.684,0.33,0.459,0.324,0.048,NA,NA,NA,NA,21,21,NA,NA,3070,"Not in clustering sample"
"Chad","TCD","Africa",2023,4.471,0.603,0.805,0.199,0.411,0.218,0.113,NA,NA,NA,NA,27,24,3,NA,3353.2,"Not in clustering sample"
"Kenya","KEN","Africa",2023,4.47,1.037,0.895,0.353,0.519,0.282,0.069,NA,1.9,NA,4.74168286643765,31,21,10,NA,3030.125,"Not in clustering sample"
"Tunisia","TUN","Africa",2023,4.422,1.306,0.955,0.579,0.254,0.024,0.018,NA,NA,NA,NA,16,10,6,NA,3049.95,"Not in clustering sample"
"Benin","BEN","Africa",2023,4.377,0.914,0.128,0.284,0.567,0.112,0.252,NA,1.1,NA,NA,37,24,13,NA,2630.46666666667,"Not in clustering sample"
"Uganda","UGA","Africa",2023,4.372,0.772,1.151,0.373,0.587,0.178,0.054,NA,NA,NA,8.97308867739149,28,15,13,NA,2304,"Not in clustering sample"
"Myanmar","MMR","Asia",2023,4.354,0.978,0.988,0.436,0.45,0.401,0.174,NA,8.2,NA,NA,24,10,14,NA,NA,"Not in clustering sample"
"Cambodia","KHM","Asia",2023,4.341,1.011,1.019,0.442,0.863,0.17,0.071,NA,NA,42.49,NA,45,18,27,NA,NA,"Not in clustering sample"
"Ghana","GHA","Africa",2023,4.289,1.077,0.747,0.36,0.623,0.183,0.028,NA,NA,NA,NA,28,15,13,NA,2367.5,"Not in clustering sample"
"Liberia","LBR","Africa",2023,4.269,0.619,0.673,0.301,0.546,0.178,0.075,NA,2.4,NA,NA,21,10,11,NA,NA,"Not in clustering sample"
"Mali","MLI","Africa",2023,4.232,0.747,0.688,0.267,0.586,0.12,0.09,NA,NA,NA,NA,22,22,NA,NA,3099.86666666667,"Not in clustering sample"
"Madagascar","MDG","Africa",2023,4.228,0.628,0.823,0.333,0.25,0.172,0.123,NA,NA,NA,NA,35,22,13,NA,2864.43333333333,"Not in clustering sample"
"Togo","TGO","Africa",2023,4.214,0.758,0.586,0.32,0.453,0.127,0.156,NA,5.8,NA,NA,22,22,NA,NA,2579.95,"Not in clustering sample"
"Jordan","JOR","Asia",2023,4.186,1.262,0.983,0.594,0.593,0.059,0.189,NA,NA,NA,0.987830151085125,26,14,12,NA,NA,"Not in clustering sample"
"India","IND","Asia",2023,4.054,1.166,0.653,0.417,0.767,0.174,0.122,NA,NA,NA,2.71593253265609,35,25,10,60,2517.02,"Cluster 1"
"Egypt","EGY","Africa",2023,3.977,1.37,0.996,0.488,0.49,0.025,0.259,NA,5.7,NA,NA,34,21,17,NA,3710.68,"Not in clustering sample"
"Sri Lanka","LKA","Asia",2023,3.898,1.361,1.179,0.586,0.583,0.144,0.031,NA,NA,NA,NA,40,20,20,55,NA,"Not in clustering sample"
"Bangladesh","BGD","Asia",2023,3.886,1.122,0.249,0.513,0.775,0.14,0.167,NA,NA,NA,1.76302155884348,21,10,11,59,2066,"Cluster 3"
"Ethiopia","ETH","Africa",2023,3.861,0.792,0.915,0.42,0.441,0.27,0.101,NA,NA,NA,NA,25,12,13,NA,2784.85,"Not in clustering sample"
"Tanzania","TZA","Africa",2023,3.781,0.82,0.706,0.38,0.709,0.191,0.257,NA,NA,NA,NA,37,20,17,NA,3032.85,"Not in clustering sample"
"Comoros","COM","Africa",2023,3.566,0.896,0.328,0.37,0.172,0.128,0.16,NA,NA,NA,NA,25,25,NA,NA,NA,"Not in clustering sample"
"Yemen","YEM","Asia",2023,3.561,0.671,1.281,0.293,0.362,0.08,0.113,NA,NA,NA,NA,37,22,15,NA,NA,"Not in clustering sample"
"Zambia","ZMB","Africa",2023,3.502,0.899,0.809,0.264,0.727,0.168,0.109,NA,NA,NA,NA,31,20,11,NA,2965.46666666667,"Not in clustering sample"
"Eswatini","SWZ","Africa",2023,3.502,1.255,0.925,0.176,0.284,0.059,0.116,NA,NA,42.74,17.3912195470806,NA,NA,NA,NA,NA,"Not in clustering sample"
"Malawi","MWI","Africa",2023,3.421,0.617,0.41,0.349,0.571,0.135,0.136,NA,NA,NA,NA,NA,18,NA,NA,2795.86666666667,"Not in clustering sample"
"Botswana","BWA","Africa",2023,3.383,1.445,0.969,0.241,0.567,0.014,0.082,NA,NA,NA,12.9825910308439,29,15,14,NA,3426.66666666667,"Not in clustering sample"
"Zimbabwe","ZWE","Africa",2023,3.341,0.748,0.85,0.232,0.487,0.096,0.131,NA,NA,NA,NA,33,22,11,NA,3065.4,"Not in clustering sample"
"DR Congo","COD","Africa",2023,3.295,0.534,0.665,0.262,0.473,0.189,0.072,NA,NA,NA,NA,12,12,NA,NA,2225,"Not in clustering sample"
"Sierra Leone","SLE","Africa",2023,3.245,0.654,0.566,0.253,0.469,0.181,0.053,NA,NA,NA,NA,18,18,NA,NA,NA,"Not in clustering sample"
"Lesotho","LSO","Africa",2023,3.186,0.771,0.851,0,0.523,0.082,0.085,NA,NA,NA,25.1787605473914,22,12,10,NA,NA,"Not in clustering sample"
"Lebanon","LBN","Asia",2023,2.707,1.377,0.577,0.556,0.173,0.068,0.029,NA,NA,NA,2.73664510692618,37,15,22,NA,2944,"Not in clustering sample"
"Afghanistan","AFG","Asia",2023,1.721,0.628,0,0.242,0,0.091,0.088,NA,NA,NA,4.22388154644047,35,20,15,NA,3175.1,"Not in clustering sample"
"Finland","FIN","Europe",2022,7.804,1.888,1.585,0.535,0.772,0.126,0.535,11.13826,NA,NA,1.29280184094982,36,25,11,64.75,1858,"Cluster 2"
"Denmark","DNK","Europe",2022,7.586,1.949,1.548,0.537,0.734,0.208,0.525,6.480899,33.5,NA,0.982567307766424,37.5,27.5,10,67,1932,"Cluster 2"
"Iceland","ISL","Europe",2022,7.53,1.926,1.62,0.559,0.738,0.25,0.187,8.481123,NA,NA,1.05164773481651,38,24,14,67,1326,"Cluster 2"
"Israel","ISR","Asia",2022,7.473,1.833,1.521,0.577,0.569,0.124,0.158,NA,NA,NA,1.62581066709758,21,12,9,65.125,3311,"Cluster 3"
"Netherlands","NLD","Europe",2022,7.403,1.942,1.488,0.545,0.672,0.251,0.394,14.3009,20.4,NA,0.798685419651381,28,20,8,67,1662,"Cluster 2"
"Sweden","SWE","Europe",2022,7.395,1.921,1.51,0.562,0.754,0.225,0.52,9.648398,NA,NA,1.10609575089503,34,25,9,64.5,1782.5,"Cluster 2"
"Norway","NOR","Europe",2022,7.315,1.994,1.521,0.544,0.752,0.212,0.463,11.83757,33.2,NA,0.549772609467286,35,25,10,62,1373.33333333333,"Cluster 2"
"Switzerland","CHE","Europe",2022,7.24,2.022,1.463,0.582,0.678,0.151,0.475,16.218,NA,NA,0.477697117734824,27,20,7,64.5,1932.75,"Cluster 2"
"Luxembourg","LUX","Europe",2022,7.228,2.2,1.357,0.549,0.71,0.149,0.418,NA,57.5,NA,1.5306610542428,42,28.5,11,65,1634,"Cluster 2"
"New Zealand","NZL","Oceania",2022,7.123,1.842,1.544,0.513,0.672,0.23,0.471,16.79612,13.8,NA,1.46149415952832,32,20,12,65,1967.06,"Cluster 2"
"Austria","AUT","Europe",2022,7.097,1.927,1.382,0.535,0.63,0.191,0.31,26.81632,37.7,NA,0.871514782049046,38,25,13,62.75,1884,"Cluster 2"
"Australia","AUS","Oceania",2022,7.095,1.899,1.497,0.532,0.677,0.242,0.31,17.54103,14,NA,0.839663105025691,30,20,10,67,2975.42666666667,"Cluster 2"
"Canada","CAN","Americas",2022,6.961,1.881,1.484,0.541,0.656,0.218,0.364,16.42113,NA,NA,2.27967877085079,25,15,10,65,2028.04444444444,"Cluster 2"
"Ireland","IRL","Europe",2022,6.911,2.152,1.425,0.539,0.656,0.186,0.409,NA,19.2,NA,0.82191531512967,30,20,10,66,1453,"Cluster 2"
"United States","USA","Americas",2022,6.894,1.98,1.46,0.39,0.557,0.21,0.172,38.9598,9.8,NA,6.51267429794199,NA,NA,NA,66.83,2827.61851851852,"Not in clustering sample"
"Germany","DEU","Europe",2022,6.892,1.919,1.401,0.539,0.618,0.153,0.365,19.19158,46.4,NA,0.815829208272123,30,20,10,66,1644,"Cluster 2"
"Belgium","BEL","Europe",2022,6.859,1.907,1.449,0.528,0.59,0.137,0.273,NA,30.7,NA,NA,30,20,10,65,1546,"Not in clustering sample"
"Czechia","CZE","Europe",2022,6.845,1.823,1.544,0.477,0.693,0.158,0.05,10.0226,NA,NA,0.81512474266184,33,20,13,64.5,1668,"Cluster 1"
"United Kingdom","GBR","Europe",2022,6.796,1.857,1.366,0.511,0.626,0.272,0.34,16.06824,19.3,NA,NA,29,20,9,66,1441.66666666667,"Not in clustering sample"
"Lithuania","LTU","Europe",2022,6.763,1.808,1.511,0.432,0.487,0.059,0.089,29.95771,26.6,NA,2.37848472418186,34,20,14,64.75,1691,"Cluster 1"
"France","FRA","Europe",2022,6.661,1.856,1.433,0.566,0.582,0.083,0.27,12.39271,NA,NA,1.23873280289769,42,31,11,62.75,2315.125,"Cluster 1"
"Slovenia","SVN","Europe",2022,6.65,1.815,1.539,0.532,0.707,0.144,0.113,23.8101,NA,NA,0.614590956625007,33,20,13,60,1974,"Cluster 1"
"Costa Rica","CRI","Americas",2022,6.609,1.587,1.34,0.503,0.683,0.099,0.116,NA,NA,NA,12.908902016219,19,10,9,NA,NA,"Not in clustering sample"
"Romania","ROU","Europe",2022,6.589,1.726,1.28,0.423,0.631,0.044,0,45.9581,6.5,NA,1.28868853637199,37,20,17,63.5,2115,"Cluster 1"
"Singapore","SGP","Asia",2022,6.587,2.168,1.354,0.607,0.66,0.17,0.561,42.63713,NA,NA,0.123896338057884,21.5,10.5,11,63,2022.4,"Cluster 2"
"United Arab Emirates","ARE","Asia",2022,6.571,2.015,1.223,0.401,0.745,0.188,0.247,NA,NA,NA,0.693218125037315,44,30,14,65,3508.7,"Cluster 1"
"Taiwan Province of China","TWN","Asia",2022,6.535,1.89,1.372,0.492,0.562,0.067,0.178,21.74353,NA,NA,NA,28.5,16.5,12,NA,1886.86666666667,"Not in clustering sample"
"Uruguay","URY","Americas",2022,6.494,1.617,1.445,0.435,0.683,0.102,0.254,13.2872,9.3,NA,11.2948931452974,25,20,5,NA,2481.4,"Not in clustering sample"
"Slovakia","SVK","Europe",2022,6.469,1.731,1.544,0.472,0.494,0.128,0.022,36.13629,10.3,NA,0.767376066253057,34,22.5,14,63,2038,"Cluster 1"
"Saudi Arabia","SAU","Asia",2022,6.463,1.861,1.37,0.351,0.682,0.093,0.17,NA,NA,NA,0.811179949347251,30,21,9,60,3236.5,"Cluster 1"
"Estonia","EST","Europe",2022,6.455,1.798,1.526,0.494,0.728,0.153,0.372,7.999298,7.2,NA,1.48138107676406,39,28,12,64.75,1994.5,"Cluster 2"
"Spain","ESP","Europe",2022,6.436,1.798,1.491,0.567,0.533,0.101,0.157,22.83715,NA,NA,0.679512839473507,36,22,14,66.67,2832.5,"Cluster 1"
"Italy","ITA","Europe",2022,6.405,1.832,1.365,0.559,0.438,0.097,0.063,40.74886,NA,NA,0.540095240763765,32,20,12,67,2372.25,"Cluster 1"
"Kosovo","XKX","Europe",2022,6.368,1.374,1.269,0.372,0.639,0.275,0.045,NA,NA,NA,NA,NA,NA,NA,NA,NA,"Not in clustering sample"
"Chile","CHL","Americas",2022,6.334,1.645,1.384,0.511,0.546,0.131,0.076,30.9632,8.1,NA,6.80201256720408,30,15,15,62.5,2841.78,"Cluster 3"
"Mexico","MEX","Americas",2022,6.33,1.55,1.169,0.389,0.632,0.086,0.115,60.59705,17.3,NA,25.8814968854168,19,12,7,65,2596.25,"Cluster 3"
"Malta","MLT","Europe",2022,6.3,1.841,1.468,0.547,0.671,0.2,0.143,NA,NA,NA,1.51460075124197,41,27,14,64,3054,"Cluster 1"
"Panama","PAN","Americas",2022,6.265,1.714,1.402,0.475,0.63,0.065,0.036,NA,NA,NA,11.3389170493456,40,30,10,NA,1743.5,"Not in clustering sample"
"Poland","POL","Europe",2022,6.26,1.767,1.474,0.477,0.511,0.12,0.139,64.28514,NA,NA,0.703386223722305,36,23,13,62.5,1997,"Cluster 1"
"Nicaragua","NIC","Americas",2022,6.259,1.109,1.292,0.385,0.66,0.148,0.218,54.16667,2.8,NA,NA,20,11,9,NA,2759.9,"Not in clustering sample"
"Latvia","LVA","Europe",2022,6.213,1.737,1.505,0.405,0.58,0.107,0.071,12.83915,24.6,NA,2.23278008232579,32,20,12,65,1754,"Cluster 1"
"Bahrain","BHR","Asia",2022,6.173,1.883,1.269,0.389,0.748,0.199,0.138,NA,NA,NA,0.195636140255462,44,30,14,NA,NA,"Not in clustering sample"
"Guatemala","GTM","Americas",2022,6.15,1.287,1.188,0.31,0.631,0.106,0.066,63.38486,NA,NA,22.0474401521257,25,15,10,NA,NA,"Not in clustering sample"
"Kazakhstan","KAZ","Asia",2022,6.144,1.664,1.491,0.389,0.628,0.136,0.149,32.83699,2.8,38,2.55058633787163,40,24,16,62,2431.5,"Cluster 1"
"Serbia","SRB","Europe",2022,6.144,1.552,1.343,0.424,0.617,0.246,0.081,20.11005,NA,NA,1.08964325742373,31,20,11,64.415,2055,"Cluster 1"
"Cyprus","CYP","Asia",2022,6.13,1.824,1.224,0.58,0.455,0.104,0.05,50.19793,16.1,NA,0.600884802872229,34,20,14,66,3314.1,"Cluster 1"
"Japan","JPN","Asia",2022,6.129,1.825,1.396,0.622,0.556,0.009,0.207,12.34294,NA,NA,0.231204479818001,15,15,NA,65,1837.12,"Not in clustering sample"
"Croatia","HRV","Europe",2022,6.125,1.727,1.455,0.475,0.5,0.087,0.003,33.67084,25,NA,0.79344217483012,33,20,13,64.375,2272,"Cluster 1"
"Brazil","BRA","Americas",2022,6.125,1.454,1.25,0.387,0.558,0.131,0.137,59.58401,NA,NA,21.0963608054856,28,16,13,63.5,2237.58181818182,"Cluster 3"
"El Salvador","SLV","Americas",2022,6.122,1.278,1.044,0.383,0.713,0.079,0.222,NA,2.2,NA,7.89768799960639,26,15,11,NA,2957,"Not in clustering sample"
"Hungary","HUN","Europe",2022,6.041,1.754,1.519,0.435,0.501,0.105,0.065,17.26617,8.3,NA,0.970642654757226,33,20,13,65,1988,"Cluster 1"
"Argentina","ARG","Americas",2022,6.024,1.59,1.388,0.427,0.587,0.088,0.082,35.99665,NA,NA,4.31202462020709,29,10,19,NA,2220.3,"Not in clustering sample"
"Honduras","HND","Americas",2022,6.023,1.115,1.072,0.341,0.613,0.189,0.062,NA,3.1,NA,34.9679353875888,19,8,11,NA,2259.8,"Not in clustering sample"
"Uzbekistan","UZB","Asia",2022,6.014,1.227,1.347,0.375,0.74,0.26,0.208,41.72901,1.6,NA,NA,15,15,NA,57.5,2823.9,"Not in clustering sample"
"Malaysia","MYS","Asia",2022,6.012,1.665,1.155,0.385,0.659,0.222,0.122,60.31988,NA,44.7,0.703261371729175,19,8,11,60,NA,"Not in clustering sample"
"Portugal","PRT","Europe",2022,5.968,1.758,1.356,0.537,0.693,0.031,0.037,29.7475,NA,NA,0.719971949892832,31,22,9,66.58,2770,"Cluster 1"
"Republic of Korea","KOR","Asia",2022,5.951,1.853,1.188,0.603,0.446,0.112,0.163,22.81124,NA,NA,0.49630655708926,35,20,15,60,2196.65,"Cluster 1"
"Greece","GRC","Europe",2022,5.931,1.708,1.247,0.535,0.248,0.008,0.097,44.4857,NA,NA,1.12365161805833,29,20,9,67,2773,"Cluster 1"
"Mauritius","MUS","Africa",2022,5.902,1.589,1.382,0.336,0.574,0.121,0.11,NA,NA,NA,2.27249663925174,38,22,16,60,NA,"Not in clustering sample"
"Thailand","THA","Asia",2022,5.843,1.515,1.344,0.461,0.624,0.291,0.013,38.13145,23.9,NA,NA,19,6,13,60,2175.025,"Not in clustering sample"
"Mongolia","MNG","Asia",2022,5.84,1.379,1.494,0.244,0.425,0.239,0.058,14.11848,NA,NA,5.96571485950299,15,15,NA,57.5,2791.5,"Not in clustering sample"
"Kyrgyzstan","KGZ","Asia",2022,5.825,1.061,1.439,0.417,0.735,0.234,0.018,39.1642,1.7,NA,NA,20,20,NA,NA,NA,"Not in clustering sample"
"Republic of Moldova","MDA","Europe",2022,5.819,1.425,1.302,0.375,0.61,0.093,0.02,NA,NA,NA,2.46711784221268,20,20,NA,62.25,2126,"Not in clustering sample"
"China","CHN","Asia",2022,5.818,1.51,1.249,0.468,0.666,0.115,0.145,2.786473,NA,NA,NA,23,10,13,55.33,2028.58,"Not in clustering sample"
"Viet Nam","VNM","Asia",2022,5.763,1.349,1.212,0.381,0.741,0.134,0.122,17.16667,NA,NA,NA,23,12,11,58.96,2123.5,"Not in clustering sample"
"Paraguay","PRY","Americas",2022,5.738,1.428,1.427,0.392,0.678,0.148,0.062,NA,15,NA,7.57344466296988,22,10,12,NA,2803,"Not in clustering sample"
"Montenegro","MNE","Europe",2022,5.722,1.537,1.385,0.424,0.563,0.17,0.061,36.74522,NA,NA,2.60311804733607,21,21,NA,NA,2481,"Not in clustering sample"
"Jamaica","JAM","Americas",2022,5.703,1.305,1.329,0.411,0.587,0.079,0.039,NA,NA,NA,53.1146007388142,10,10,NA,NA,NA,"Not in clustering sample"
"Bolivia","BOL","Americas",2022,5.684,1.24,1.187,0.329,0.648,0.103,0.06,65.02177,NA,NA,4.01584677979597,31,20,11,NA,2288.9,"Not in clustering sample"
"Russian Federation","RUS","Europe",2022,5.661,1.68,1.383,0.366,0.449,0.12,0.091,16.34385,26.7,NA,6.43358050413265,42.5,28.5,14,60.5,1972.7875,"Cluster 1"
"Bosnia and Herzegovina","BIH","Europe",2022,5.633,1.467,1.361,0.429,0.485,0.247,0.008,43.30173,5.4,NA,1.09211115070447,35,25,10,NA,1769,"Not in clustering sample"
"Colombia","COL","Americas",2022,5.63,1.455,1.213,0.486,0.562,0.08,0.068,58.28947,2.1,NA,24.9488076386337,33,15,18,59.5,1930.775,"Cluster 3"
"Dominican Republic","DOM","Americas",2022,5.569,1.536,1.227,0.351,0.623,0.083,0.195,NA,NA,NA,12.3678475675698,23,10,13,NA,NA,"Not in clustering sample"
"Ecuador","ECU","Americas",2022,5.559,1.343,1.173,0.476,0.56,0.079,0.069,61.26878,NA,NA,27.4126359684417,23,11,12,NA,1909.55,"Not in clustering sample"
"Peru","PER","Americas",2022,5.526,1.39,1.153,0.499,0.549,0.073,0.027,57.06961,NA,NA,NA,28.5,16.5,12,60,2281.65,"Not in clustering sample"
"Philippines","PHL","Asia",2022,5.523,1.238,1.108,0.286,0.714,0.104,0.141,81.7732,NA,NA,NA,17,5,12,NA,2103.1,"Not in clustering sample"
"Bulgaria","BGR","Europe",2022,5.466,1.635,1.457,0.408,0.557,0.106,0.013,17.27976,15,NA,1.11341216291447,32,20,12,63.5,2177,"Cluster 1"
"Nepal","NPL","Asia",2022,5.36,0.979,1.027,0.281,0.567,0.215,0.104,NA,NA,NA,NA,28,15,13,NA,NA,"Not in clustering sample"
"Armenia","ARM","Asia",2022,5.342,1.466,1.134,0.443,0.551,0.053,0.16,35.77484,NA,NA,2.74222289100063,36,20,12,63,2474,"Cluster 1"
"Tajikistan","TJK","Asia",2022,5.33,0.972,1.248,0.291,0.599,0.104,0.292,40.66667,NA,NA,NA,NA,NA,NA,60.5,NA,"Not in clustering sample"
"Algeria","DZA","Africa",2022,5.329,1.353,1.298,0.409,0.252,0.073,0.152,NA,14.3,NA,1.74812144835182,41,30,11,60,3266.5,"Cluster 1"
"Hong Kong SAR of China","HKG","Asia",2022,5.308,1.951,1.201,0.702,0.407,0.123,0.39,16.13601,NA,NA,0.401826165982334,27.5,10.5,17,65,NA,"Not in clustering sample"
"Albania","ALB","Europe",2022,5.277,1.449,0.951,0.48,0.549,0.133,0.037,14.77178,NA,NA,1.6975478920699,40,28,12,63.415,2544,"Cluster 1"
"Indonesia","IDN","Asia",2022,5.277,1.384,1.169,0.314,0.663,0.422,0.038,77.798,NA,NA,0.298389134244316,30,12,18,59,2521.65,"Cluster 3"
"South Africa","ZAF","Africa",2022,5.275,1.417,1.428,0.149,0.464,0.09,0.019,NA,NA,NA,43.7202551331462,27,15,12,60,3141.31666666667,"Cluster 3"
"Congo","COG","Africa",2022,5.267,0.921,0.665,0.145,0.464,0.134,0.136,NA,NA,NA,NA,26,26,NA,NA,1698.66666666667,"Not in clustering sample"
"North Macedonia","MKD","Europe",2022,5.254,1.498,1.171,0.408,0.515,0.207,0.02,40.06323,NA,NA,0.978137007650662,32,20,12,63,2339,"Cluster 1"
"Venezuela","VEN","Americas",2022,5.211,0,1.257,0.341,0.369,0.205,0.084,45.46218,NA,NA,12.6466448562847,29,15,14,57.5,2895.3,"Cluster 3"
"Lao PDR","LAO","Asia",2022,5.111,1.232,0.853,0.257,0.715,0.185,0.162,NA,NA,41.53,NA,15,15,NA,NA,NA,"Not in clustering sample"
"Georgia","GEO","Asia",2022,5.109,1.477,0.947,0.366,0.539,0,0.201,33.70805,NA,NA,NA,39,24,15,62.5,2046,"Not in clustering sample"
"Guinea","GIN","Africa",2022,5.072,0.844,0.776,0.072,0.369,0.204,0.102,NA,NA,NA,NA,33,22,11,NA,2440,"Not in clustering sample"
"Ukraine","UKR","Europe",2022,5.071,1.358,1.354,0.355,0.551,0.265,0.016,29.12556,8.4,NA,NA,37,24,13,60,1955,"Not in clustering sample"
"Côte d’Ivoire","CIV","Africa",2022,5.053,1.094,0.584,0.12,0.467,0.138,0.131,NA,NA,NA,NA,34,20,14,NA,2321.32,"Not in clustering sample"
"Gabon","GAB","Africa",2022,5.035,1.438,1.021,0.183,0.346,0.036,0.102,NA,NA,NA,NA,34,20,14,NA,1720.2,"Not in clustering sample"
"Nigeria","NGA","Africa",2022,4.981,1.065,1.007,0.092,0.448,0.176,0.013,90.276,NA,NA,NA,5,5,NA,NA,2669.08,"Not in clustering sample"
"Cameroon","CMR","Africa",2022,4.973,0.965,0.871,0.118,0.405,0.144,0.059,NA,3.4,NA,6.76008919336955,18,18,NA,60,2165.125,"Not in clustering sample"
"Mozambique","MOZ","Africa",2022,4.954,0.57,0.885,0,0.625,0.161,0.192,NA,NA,37.23,NA,19,10,9,NA,2838,"Not in clustering sample"
"Iraq","IRQ","Asia",2022,4.941,1.281,0.953,0.324,0.351,0.134,0.038,43.66667,1.8,NA,NA,20,20,NA,NA,3240.8,"Not in clustering sample"
"State of Palestine","PSE","Asia",2022,4.908,1.144,1.309,0.483,0.416,0.065,0.067,NA,NA,NA,0.622023007311598,NA,NA,NA,NA,NA,"Not in clustering sample"
"Morocco","MAR","Africa",2022,4.903,1.236,0.535,0.337,0.54,0.013,0.085,58.08333,NA,44,1.65554646642091,25,15,13,NA,3155.46666666667,"Not in clustering sample"
"Iran","IRN","Asia",2022,4.876,1.465,1.102,0.411,0.281,0.229,0.13,43.22882,NA,NA,NA,53,26,27,NA,3043.225,"Not in clustering sample"
"Senegal","SEN","Africa",2022,4.855,0.943,0.727,0.231,0.519,0.142,0.06,NA,NA,NA,NA,32,20,12,NA,3146,"Not in clustering sample"
"Mauritania","MRT","Africa",2022,4.724,1.099,0.764,0.244,0.32,0.13,0.195,NA,15.1,NA,NA,22,15,7,NA,3332.5,"Not in clustering sample"
"Burkina Faso","BFA","Africa",2022,4.638,0.768,0.814,0.107,0.419,0.188,0.113,NA,0.7,NA,NA,45,30,15,NA,3209,"Not in clustering sample"
"Namibia","NAM","Africa",2022,4.631,1.289,1.126,0.145,0.383,0.069,0.071,NA,NA,NA,NA,20,20,NA,NA,3737.5,"Not in clustering sample"
"Türkiye","TUR","Asia",2022,4.614,1.714,1.148,0.467,0.125,0.095,0.096,39.47591,NA,NA,2.62582139837108,26.5,12,14.5,59,2333.8,"Cluster 3"
"Ghana","GHA","Africa",2022,4.605,1.101,0.756,0.197,0.526,0.211,0.035,NA,NA,NA,1.83111773115644,28,15,13,NA,2367.5,"Not in clustering sample"
"Pakistan","PAK","Asia",2022,4.555,1.081,0.657,0.158,0.511,0.141,0.102,60.85213,NA,NA,4.07754321000689,29,14,15,60,3108.51666666667,"Cluster 3"
"Niger","NER","Africa",2022,4.501,0.561,0.628,0.137,0.54,0.154,0.14,NA,NA,NA,NA,33,22,11,NA,3203.2,"Not in clustering sample"
"Tunisia","TUN","Africa",2022,4.497,1.333,0.981,0.422,0.259,0.022,0.016,43.51081,NA,NA,NA,16,10,6,NA,3049.95,"Not in clustering sample"
"Kenya","KEN","Africa",2022,4.487,1.051,0.881,0.19,0.418,0.291,0.055,84.58498,2.1,NA,5.14262389997961,31,21,10,NA,3030.125,"Not in clustering sample"
"Sri Lanka","LKA","Asia",2022,4.442,1.422,1.224,0.426,0.539,0.12,0.086,NA,NA,NA,2.50930973618747,40,20,20,55,NA,"Not in clustering sample"
"Uganda","UGA","Africa",2022,4.432,0.785,1.144,0.201,0.425,0.197,0.051,NA,NA,NA,8.75663044480037,28,15,13,NA,2304,"Not in clustering sample"
"Chad","TCD","Africa",2022,4.397,0.622,0.962,0.043,0.393,0.255,0.088,NA,NA,NA,NA,27,24,3,NA,3353.2,"Not in clustering sample"
"Cambodia","KHM","Asia",2022,4.393,1.025,1.024,0.283,0.768,0.176,0.051,NA,NA,NA,NA,45,18,27,NA,NA,"Not in clustering sample"
"Benin","BEN","Africa",2022,4.374,0.924,0.242,0.124,0.481,0.114,0.253,NA,NA,NA,NA,37,24,13,NA,2630.46666666667,"Not in clustering sample"
"Myanmar","MMR","Asia",2022,4.372,1.032,1.125,0.269,0.46,0.4,0.194,43.5,8.5,NA,3.90276297667527,24,10,14,NA,NA,"Not in clustering sample"
"Bangladesh","BGD","Asia",2022,4.282,1.133,0.513,0.355,0.617,0.139,0.165,54.16667,NA,NA,1.84550101345369,21,10,11,59,2066,"Cluster 3"
"Gambia","GMB","Africa",2022,4.279,0.761,0.614,0.174,0.286,0.332,0.033,NA,NA,NA,NA,21,21,NA,NA,3070,"Not in clustering sample"
"Mali","MLI","Africa",2022,4.198,0.763,0.637,0.106,0.441,0.121,0.059,NA,NA,NA,NA,22,22,NA,NA,3099.86666666667,"Not in clustering sample"
"Egypt","EGY","Africa",2022,4.17,1.377,0.972,0.326,0.467,0.038,0.25,58.75,5.5,NA,NA,34,21,17,NA,3710.68,"Not in clustering sample"
"Togo","TGO","Africa",2022,4.137,0.77,0.642,0.161,0.367,0.149,0.136,NA,4.6,NA,NA,22,22,NA,NA,2579.95,"Not in clustering sample"
"Jordan","JOR","Asia",2022,4.12,1.292,0.98,0.438,0.517,0.056,0.173,56.44223,NA,NA,1.11937678075855,26,14,12,NA,NA,"Not in clustering sample"
"Ethiopia","ETH","Africa",2022,4.091,0.793,1.114,0.25,0.451,0.283,0.101,93.00813,NA,NA,NA,25,12,13,NA,2784.85,"Not in clustering sample"
"Liberia","LBR","Africa",2022,4.042,0.628,0.644,0.141,0.471,0.219,0.071,NA,NA,NA,NA,21,10,11,NA,NA,"Not in clustering sample"
"India","IND","Asia",2022,4.036,1.159,0.674,0.252,0.685,0.175,0.111,62.67778,NA,NA,2.81530423021647,35,25,10,60,2517.02,"Cluster 1"
"Madagascar","MDG","Africa",2022,4.019,0.632,0.779,0.178,0.187,0.177,0.134,NA,NA,35.03,NA,35,22,13,NA,2864.43333333333,"Not in clustering sample"
"Zambia","ZMB","Africa",2022,3.982,0.914,0.89,0.095,0.545,0.189,0.08,NA,NA,NA,NA,31,20,11,NA,2965.46666666667,"Not in clustering sample"
"Tanzania","TZA","Africa",2022,3.694,0.836,0.787,0.214,0.607,0.234,0.269,NA,NA,NA,NA,37,20,17,NA,3032.85,"Not in clustering sample"
"Comoros","COM","Africa",2022,3.545,0.914,0.327,0.215,0.117,0.129,0.145,NA,NA,NA,NA,25,25,NA,NA,NA,"Not in clustering sample"
"Malawi","MWI","Africa",2022,3.495,0.637,0.479,0.189,0.49,0.139,0.129,NA,NA,NA,NA,NA,18,NA,NA,2795.86666666667,"Not in clustering sample"
"Botswana","BWA","Africa",2022,3.435,1.471,1.041,0.087,0.48,0.021,0.071,NA,NA,NA,13.0743518717943,29,15,14,NA,3426.66666666667,"Not in clustering sample"
"DR Congo","COD","Africa",2022,3.207,0.531,0.784,0.105,0.375,0.183,0.068,NA,NA,NA,NA,12,12,NA,NA,2225,"Not in clustering sample"
"Zimbabwe","ZWE","Africa",2022,3.204,0.758,0.881,0.069,0.363,0.112,0.117,84.77366,NA,NA,6.75833125350771,33,22,11,NA,3065.4,"Not in clustering sample"
"Sierra Leone","SLE","Africa",2022,3.138,0.67,0.54,0.092,0.371,0.193,0.051,NA,NA,NA,NA,18,18,NA,NA,NA,"Not in clustering sample"
"Lebanon","LBN","Asia",2022,2.392,1.417,0.476,0.398,0.123,0.061,0.027,53.25,NA,NA,3.09862227072088,37,15,22,NA,2944,"Not in clustering sample"
"Afghanistan","AFG","Asia",2022,1.859,0.645,0,0.087,0,0.093,0.059,NA,24.3,NA,4.12283820223357,35,20,15,NA,3175.1,"Not in clustering sample"
"Finland","FIN","Europe",2021,7.821,1.892,1.258,0.775,0.736,0.109,0.534,NA,NA,NA,1.31743389143803,36,25,11,64.75,1858,"Cluster 2"
"Denmark","DNK","Europe",2021,7.636,1.953,1.243,0.777,0.719,0.188,0.532,NA,33.4,NA,0.631746832067094,37.5,27.5,10,67,1932,"Cluster 2"
"Iceland","ISL","Europe",2021,7.557,1.936,1.32,0.803,0.718,0.27,0.191,NA,NA,NA,0.536705993798362,38,24,14,67,1326,"Cluster 2"
"Switzerland","CHE","Europe",2021,7.512,2.026,1.226,0.822,0.677,0.147,0.461,NA,NA,NA,0.482369204585241,27,20,7,64.5,1932.75,"Cluster 2"
"Netherlands","NLD","Europe",2021,7.415,1.945,1.206,0.787,0.651,0.271,0.419,NA,NA,NA,0.710637312796065,28,20,8,67,1662,"Cluster 2"
"Luxembourg","LUX","Europe",2021,7.404,2.209,1.155,0.79,0.7,0.12,0.388,NA,NA,NA,0.624732536382861,42,28.5,11,65,1634,"Cluster 2"
"Sweden","SWE","Europe",2021,7.384,1.92,1.204,0.803,0.724,0.218,0.512,NA,37.6,NA,1.08485573554827,34,25,9,64.5,1782.5,"Cluster 2"
"Norway","NOR","Europe",2021,7.365,1.997,1.239,0.786,0.728,0.217,0.474,NA,32.4,NA,0.536233629966067,35,25,10,62,1373.33333333333,"Cluster 2"
"Israel","ISR","Asia",2021,7.364,1.826,1.221,0.818,0.568,0.155,0.143,NA,NA,NA,1.9344902218508,21,12,9,65.125,3311,"Cluster 3"
"New Zealand","NZL","Oceania",2021,7.2,1.852,1.235,0.752,0.68,0.245,0.483,NA,NA,NA,1.15511953382508,32,20,12,65,1967.06,"Cluster 2"
"Austria","AUT","Europe",2021,7.163,1.931,1.165,0.774,0.623,0.193,0.329,NA,36.7,NA,0.724875548626241,38,25,13,62.75,1884,"Cluster 2"
"Australia","AUS","Oceania",2021,7.162,1.9,1.203,0.772,0.676,0.258,0.341,NA,17.5,NA,0.743554074825619,30,20,10,67,2975.42666666667,"Cluster 2"
"Ireland","IRL","Europe",2021,7.041,2.129,1.166,0.779,0.627,0.19,0.408,NA,19,NA,0.437512696568737,30,20,10,66,1453,"Cluster 2"
"Germany","DEU","Europe",2021,7.034,1.924,1.088,0.776,0.585,0.163,0.358,NA,46.3,NA,0.830375419597212,30,20,10,66,1644,"Cluster 2"
"Canada","CAN","Americas",2021,7.025,1.886,1.188,0.783,0.659,0.217,0.368,NA,NA,NA,2.08300518200199,25,15,10,65,2028.04444444444,"Cluster 2"
"United States","USA","Americas",2021,6.977,1.982,1.182,0.628,0.574,0.22,0.177,NA,10.5,NA,6.77972198500888,NA,NA,NA,66.83,2827.61851851852,"Not in clustering sample"
"United Kingdom","GBR","Europe",2021,6.943,1.867,1.143,0.75,0.597,0.289,0.329,NA,NA,NA,NA,29,20,9,66,1441.66666666667,"Not in clustering sample"
"Czechia","CZE","Europe",2021,6.92,1.815,1.26,0.715,0.66,0.158,0.048,NA,NA,NA,0.44631485186264,33,20,13,64.5,1668,"Cluster 1"
"Belgium","BEL","Europe",2021,6.805,1.907,1.106,0.764,0.492,0.049,0.204,NA,29.9,NA,1.08030153549307,30,20,10,65,1546,"Cluster 1"
"France","FRA","Europe",2021,6.687,1.863,1.219,0.808,0.567,0.07,0.266,NA,NA,NA,1.11071518973766,42,31,11,62.75,2315.125,"Cluster 1"
"Bahrain","BHR","Asia",2021,6.647,1.854,1.029,0.625,0.693,0.199,0.155,NA,NA,NA,0.0665883809268237,44,30,14,NA,NA,"Not in clustering sample"
"Slovenia","SVN","Europe",2021,6.63,1.81,1.249,0.769,0.685,0.118,0.115,NA,NA,NA,0.425835133669648,33,20,13,60,1974,"Cluster 1"
"Costa Rica","CRI","Americas",2021,6.582,1.584,1.054,0.744,0.661,0.089,0.102,NA,NA,NA,11.6205820666553,19,10,9,NA,NA,"Not in clustering sample"
"United Arab Emirates","ARE","Asia",2021,6.576,1.998,0.98,0.633,0.702,0.204,0.25,NA,NA,NA,0.44948191080481,44,30,14,65,3508.7,"Cluster 1"
"Saudi Arabia","SAU","Asia",2021,6.523,1.87,1.092,0.577,0.651,0.078,0.18,NA,NA,NA,NA,30,21,9,60,3236.5,"Not in clustering sample"
"Taiwan Province of China","TWN","Asia",2021,6.512,1.897,1.095,0.733,0.542,0.075,0.168,NA,NA,NA,NA,28.5,16.5,12,NA,1886.86666666667,"Not in clustering sample"
"Singapore","SGP","Asia",2021,6.48,2.149,1.127,0.851,0.672,0.163,0.587,NA,4.7,NA,0.108180423309996,21.5,10.5,11,63,2022.4,"Cluster 2"
"Romania","ROU","Europe",2021,6.477,1.719,1.006,0.655,0.605,0.039,0.006,NA,5.5,NA,1.26765356960595,37,20,17,63.5,2115,"Cluster 1"
"Spain","ESP","Europe",2021,6.476,1.808,1.211,0.808,0.505,0.101,0.149,NA,NA,NA,0.607512242916661,36,22,14,66.67,2832.5,"Cluster 1"
"Uruguay","URY","Americas",2021,6.474,1.615,1.18,0.672,0.665,0.103,0.265,NA,7.9,NA,9.03819875470108,25,20,5,NA,2481.4,"Not in clustering sample"
"Italy","ITA","Europe",2021,6.467,1.834,1.052,0.801,0.412,0.085,0.059,NA,NA,NA,0.50728829294141,32,20,12,67,2372.25,"Cluster 1"
"Kosovo","XKX","Europe",2021,6.455,1.362,0.949,0.569,0.599,0.309,0.035,NA,NA,NA,1.89497747704421,NA,NA,NA,NA,NA,"Not in clustering sample"
"Malta","MLT","Europe",2021,6.447,1.838,1.169,0.789,0.679,0.174,0.166,NA,NA,NA,0.38140534520521,41,27,14,64,3054,"Cluster 1"
"Lithuania","LTU","Europe",2021,6.446,1.804,1.204,0.659,0.496,0.053,0.077,NA,22.9,NA,2.57650105788629,34,20,14,64.75,1691,"Cluster 1"
"Slovakia","SVK","Europe",2021,6.391,1.736,1.232,0.707,0.479,0.118,0.025,NA,9.7,NA,1.0105169087957,34,22.5,14,63,2038,"Cluster 1"
"Estonia","EST","Europe",2021,6.341,1.793,1.232,0.728,0.689,0.123,0.333,NA,7.9,NA,1.95231911106406,39,28,12,64.75,1994.5,"Cluster 2"
"Panama","PAN","Americas",2021,6.309,1.715,1.107,0.709,0.592,0.049,0.051,NA,NA,NA,12.6570480772218,40,30,10,NA,1743.5,"Not in clustering sample"
"Brazil","BRA","Americas",2021,6.293,1.462,1.044,0.615,0.546,0.131,0.134,NA,NA,NA,21.7427516470103,28,16,13,63.5,2237.58181818182,"Cluster 3"
"Guatemala","GTM","Americas",2021,6.262,1.274,0.831,0.522,0.662,0.112,0.115,NA,0.7,NA,20.2458705569498,25,15,10,NA,NA,"Not in clustering sample"
"Kazakhstan","KAZ","Asia",2021,6.234,1.668,1.22,0.611,0.584,0.134,0.157,NA,2.3,NA,2.84649159527772,40,24,16,62,2431.5,"Cluster 1"
"Cyprus","CYP","Asia",2021,6.221,1.815,0.909,0.819,0.448,0.123,0.062,NA,13.6,NA,1.21459779542909,34,20,14,66,3314.1,"Cluster 1"
"Latvia","LVA","Europe",2021,6.18,1.732,1.221,0.637,0.502,0.075,0.09,NA,21.3,NA,1.5379826017044,32,20,12,65,1754,"Cluster 1"
"Serbia","SRB","Europe",2021,6.178,1.55,1.086,0.658,0.546,0.219,0.088,NA,NA,NA,1.1264836301447,31,20,11,64.415,2055,"Cluster 1"
"Chile","CHL","Americas",2021,6.172,1.651,1.08,0.748,0.46,0.124,0.069,NA,7.8,NA,4.65658124495601,30,15,15,62.5,2841.78,"Cluster 1"
"Nicaragua","NIC","Americas",2021,6.165,1.105,1.029,0.617,0.617,0.168,0.212,NA,3.4,NA,11.3473196321723,20,11,9,NA,2759.9,"Not in clustering sample"
"Mexico","MEX","Americas",2021,6.128,1.552,0.886,0.623,0.621,0.092,0.115,NA,14.4,NA,27.9675034061893,19,12,7,65,2596.25,"Cluster 3"
"Croatia","HRV","Europe",2021,6.125,1.705,1.183,0.709,0.535,0.109,0,NA,21.3,NA,0.840847880426335,33,20,13,64.375,2272,"Cluster 1"
"Poland","POL","Europe",2021,6.123,1.758,1.174,0.712,0.523,0.124,0.14,NA,4.4,NA,0.717659927064458,36,23,13,62.5,1997,"Cluster 1"
"El Salvador","SLV","Americas",2021,6.12,1.265,0.768,0.607,0.666,0.089,0.212,NA,NA,NA,17.343956146806,26,15,11,NA,2957,"Not in clustering sample"
"Kuwait","KWT","Asia",2021,6.106,1.904,0.983,0.747,0.617,0.087,0.147,NA,NA,NA,1.00900271203877,43,30,13,NA,NA,"Not in clustering sample"
"Hungary","HUN","Europe",2021,6.086,1.748,1.233,0.668,0.485,0.078,0.064,NA,8,NA,0.772570691377117,33,20,13,65,1988,"Cluster 1"
"Mauritius","MUS","Africa",2021,6.071,1.591,1.116,0.568,0.589,0.131,0.107,NA,NA,NA,2.65703154091809,38,22,16,60,NA,"Not in clustering sample"
"Uzbekistan","UZB","Asia",2021,6.063,1.219,1.092,0.6,0.716,0.283,0.24,NA,NA,NA,1.39879762685076,15,15,NA,57.5,2823.9,"Not in clustering sample"
"Japan","JPN","Asia",2021,6.039,1.835,1.089,0.866,0.537,0.007,0.218,NA,NA,NA,0.226767585297115,15,15,NA,65,1837.12,"Not in clustering sample"
"Honduras","HND","Americas",2021,6.022,1.111,0.885,0.555,0.582,0.202,0.076,NA,NA,NA,38.2025965034663,19,8,11,NA,2259.8,"Not in clustering sample"
"Portugal","PRT","Europe",2021,6.016,1.76,1.078,0.777,0.655,0.016,0.039,NA,NA,NA,0.789147831496343,31,22,9,66.58,2770,"Cluster 1"
"Argentina","ARG","Americas",2021,5.967,1.592,1.102,0.662,0.555,0.081,0.085,NA,NA,NA,4.62126366336244,29,10,19,NA,2220.3,"Not in clustering sample"
"Greece","GRC","Europe",2021,5.948,1.703,0.98,0.774,0.249,0.015,0.108,NA,NA,NA,0.841244735958326,29,20,9,67,2773,"Cluster 1"
"Republic of Korea","KOR","Asia",2021,5.935,1.851,0.886,0.841,0.414,0.111,0.176,NA,NA,NA,0.472531479878428,35,20,15,60,2196.65,"Cluster 1"
"Philippines","PHL","Asia",2021,5.904,1.268,0.912,0.514,0.678,0.107,0.142,NA,NA,NA,NA,17,5,12,NA,2103.1,"Not in clustering sample"
"Thailand","THA","Asia",2021,5.891,1.535,1.096,0.697,0.617,0.321,0.026,NA,NA,NA,NA,19,6,13,60,2175.025,"Not in clustering sample"
"Republic of Moldova","MDA","Europe",2021,5.857,1.417,1.008,0.597,0.561,0.102,0.028,NA,NA,NA,2.18269955950808,20,20,NA,62.25,2126,"Not in clustering sample"
"Jamaica","JAM","Americas",2021,5.85,1.296,1.045,0.646,0.567,0.08,0.053,NA,NA,NA,51.9438139904003,10,10,NA,NA,NA,"Not in clustering sample"
"Kyrgyzstan","KGZ","Asia",2021,5.828,1.069,1.109,0.638,0.693,0.208,0.025,NA,1.6,NA,NA,20,20,NA,NA,NA,"Not in clustering sample"
"Belarus","BLR","Europe",2021,5.821,1.562,1.157,0.629,0.342,0.04,0.282,NA,27.1,NA,2.43207353725639,33,24,9,60.5,1807,"Cluster 1"
"Colombia","COL","Americas",2021,5.781,1.452,0.929,0.72,0.545,0.087,0.077,NA,2,NA,25.5801274097033,33,15,18,59.5,1930.775,"Cluster 3"
"Bosnia and Herzegovina","BIH","Europe",2021,5.768,1.468,1.068,0.665,0.448,0.244,0.006,NA,NA,NA,0.986160622452258,35,25,10,NA,1769,"Not in clustering sample"
"Mongolia","MNG","Asia",2021,5.761,1.393,1.197,0.467,0.398,0.247,0.059,NA,NA,NA,6.16826672303943,15,15,NA,57.5,2791.5,"Not in clustering sample"
"Dominican Republic","DOM","Americas",2021,5.737,1.538,1.003,0.577,0.606,0.084,0.179,NA,NA,NA,10.5362752855436,23,10,13,NA,NA,"Not in clustering sample"
"Malaysia","MYS","Asia",2021,5.711,1.689,0.938,0.62,0.654,0.213,0.126,NA,NA,NA,0.705901601371328,19,8,11,60,NA,"Not in clustering sample"
"Bolivia","BOL","Americas",2021,5.6,1.256,0.88,0.555,0.627,0.112,0.064,NA,NA,NA,3.50161189331694,31,20,11,NA,2288.9,"Not in clustering sample"
"China","CHN","Asia",2021,5.585,1.508,0.958,0.705,0.656,0.099,0.142,NA,NA,NA,NA,23,10,13,55.33,2028.58,"Not in clustering sample"
"Paraguay","PRY","Americas",2021,5.578,1.409,1.13,0.624,0.629,0.171,0.059,NA,NA,NA,7.85436422886151,22,10,12,NA,2803,"Not in clustering sample"
"Peru","PER","Americas",2021,5.559,1.397,0.865,0.735,0.545,0.09,0.037,NA,10.4,NA,8.60480803979216,28.5,16.5,12,60,2281.65,"Cluster 3"
"Montenegro","MNE","Europe",2021,5.547,1.573,1.023,0.659,0.46,0.135,0.077,NA,NA,NA,2.48405855422824,21,21,NA,NA,2481,"Not in clustering sample"
"Ecuador","ECU","Americas",2021,5.533,1.352,0.879,0.708,0.565,0.08,0.083,NA,NA,NA,14.1100320659669,23,11,12,NA,1909.55,"Not in clustering sample"
"Viet Nam","VNM","Asia",2021,5.485,1.252,0.932,0.611,0.707,0.143,0.105,NA,NA,NA,NA,23,12,11,58.96,2123.5,"Not in clustering sample"
"Turkmenistan","TKM","Asia",2021,5.474,1.484,1.319,0.516,0.649,0.314,0.032,NA,NA,NA,NA,NA,NA,NA,59.5,NA,"Not in clustering sample"
"North Cyprus","CYP","Asia",2021,5.467,1.815,0.888,0.819,0.523,0.13,0.213,NA,13.6,NA,1.21459779542909,34,20,14,66,3314.1,"Cluster 1"
"Russian Federation","RUS","Europe",2021,5.459,1.685,1.095,0.586,0.401,0.117,0.08,NA,25.7,NA,6.76512531955806,42.5,28.5,14,60.5,1972.7875,"Cluster 1"
"Hong Kong SAR of China","HKG","Asia",2021,5.425,1.957,0.954,0.942,0.4,0.147,0.383,NA,NA,NA,0.307297589591109,27.5,10.5,17,65,NA,"Not in clustering sample"
"Armenia","ARM","Asia",2021,5.399,1.434,0.82,0.668,0.558,0.054,0.21,NA,NA,NA,3.13550776151398,36,20,12,63,2474,"Cluster 1"
"Tajikistan","TJK","Asia",2021,5.377,0.966,1.005,0.518,0.572,0.118,0.304,NA,NA,NA,NA,NA,NA,NA,60.5,NA,"Not in clustering sample"
"Nepal","NPL","Asia",2021,5.377,0.984,0.784,0.499,0.519,0.237,0.13,NA,NA,NA,NA,28,15,13,NA,NA,"Not in clustering sample"
"Bulgaria","BGR","Europe",2021,5.371,1.625,1.163,0.64,0.563,0.123,0.021,NA,15.8,NA,1.29412653402161,32,20,12,63.5,2177,"Cluster 1"
"Libya","LBY","Africa",2021,5.33,1.476,0.943,0.606,0.477,0.106,0.179,NA,NA,NA,NA,22,22,NA,70,3178.1,"Not in clustering sample"
"Indonesia","IDN","Asia",2021,5.24,1.382,0.883,0.539,0.62,0.468,0.047,NA,NA,NA,0.354461230437981,30,12,18,59,2521.65,"Cluster 3"
"Côte d’Ivoire","CIV","Africa",2021,5.235,1.094,0.442,0.322,0.451,0.149,0.124,NA,NA,NA,NA,34,20,14,NA,2321.32,"Not in clustering sample"
"North Macedonia","MKD","Europe",2021,5.199,1.505,0.863,0.637,0.488,0.215,0.031,NA,NA,NA,0.756303996391349,32,20,12,63,2339,"Cluster 1"
"Albania","ALB","Europe",2021,5.199,1.439,0.646,0.719,0.511,0.138,0.028,NA,2.2,NA,2.31608568885389,40,28,12,63.415,2544,"Cluster 1"
"South Africa","ZAF","Africa",2021,5.194,1.425,1.088,0.361,0.442,0.089,0.046,NA,NA,NA,40.9429825270973,27,15,12,60,3141.31666666667,"Cluster 3"
"Azerbaijan","AZE","Asia",2021,5.173,1.458,1.093,0.56,0.601,0.023,0.341,NA,NA,NA,1.92488634254545,40,21,19,64.75,2207.4,"Cluster 1"
"Gambia","GMB","Africa",2021,5.164,0.785,0.621,0.369,0.367,0.388,0.103,NA,NA,NA,NA,21,21,NA,NA,3070,"Not in clustering sample"
"Bangladesh","BGD","Asia",2021,5.155,1.06,0.614,0.581,0.622,0.125,0.187,NA,NA,NA,1.91698792741066,21,10,11,59,2066,"Cluster 3"
"Lao PDR","LAO","Asia",2021,5.14,1.239,0.654,0.479,0.679,0.197,0.184,NA,NA,NA,NA,15,15,NA,NA,NA,"Not in clustering sample"
"Algeria","DZA","Africa",2021,5.122,1.363,0.97,0.643,0.146,0.106,0.15,NA,10.4,NA,1.55268752449532,41,30,11,60,3266.5,"Cluster 1"
"Liberia","LBR","Africa",2021,5.122,0.636,0.67,0.309,0.405,0.178,0.08,NA,NA,NA,NA,21,10,11,NA,NA,"Not in clustering sample"
"Ukraine","UKR","Europe",2021,5.084,1.411,1.081,0.583,0.473,0.188,0.017,NA,20.3,NA,3.77663964401616,37,24,13,60,1955,"Cluster 1"
"Congo","COG","Africa",2021,5.075,0.95,0.405,0.355,0.431,0.13,0.146,NA,NA,NA,NA,26,26,NA,NA,1698.66666666667,"Not in clustering sample"
"Morocco","MAR","Africa",2021,5.06,1.208,0.268,0.565,0.492,0.02,0.102,NA,10.5,NA,1.93752077304373,25,15,13,NA,3155.46666666667,"Not in clustering sample"
"Mozambique","MOZ","Africa",2021,5.048,0.578,0.66,0.191,0.593,0.185,0.2,NA,NA,NA,NA,19,10,9,NA,2838,"Not in clustering sample"
"Cameroon","CMR","Africa",2021,5.048,0.968,0.672,0.317,0.397,0.152,0.074,NA,NA,NA,NA,18,18,NA,60,2165.125,"Not in clustering sample"
"Senegal","SEN","Africa",2021,5.046,0.933,0.53,0.447,0.494,0.143,0.081,NA,NA,NA,NA,32,20,12,NA,3146,"Not in clustering sample"
"Niger","NER","Africa",2021,5.003,0.57,0.56,0.326,0.571,0.165,0.145,NA,NA,NA,NA,33,22,11,NA,3203.2,"Not in clustering sample"
"Georgia","GEO","Asia",2021,4.973,1.467,0.612,0.595,0.508,0,0.208,NA,NA,NA,NA,39,24,15,62.5,2046,"Not in clustering sample"
"Gabon","GAB","Africa",2021,4.958,1.459,0.738,0.396,0.343,0.032,0.099,NA,NA,NA,NA,34,20,14,NA,1720.2,"Not in clustering sample"
"Iraq","IRQ","Asia",2021,4.941,1.289,0.682,0.554,0.328,0.147,0.046,NA,NA,31.71,NA,20,20,NA,NA,3240.8,"Not in clustering sample"
"Venezuela","VEN","Americas",2021,4.925,0,0.968,0.578,0.283,0.225,0.082,NA,NA,NA,19.2791045599615,29,15,14,57.5,2895.3,"Cluster 3"
"Guinea","GIN","Africa",2021,4.891,0.848,0.566,0.275,0.334,0.214,0.116,NA,NA,NA,NA,33,22,11,NA,2440,"Not in clustering sample"
"Iran","IRN","Asia",2021,4.888,1.41,0.741,0.642,0.281,0.241,0.146,NA,NA,NA,NA,53,26,27,NA,3043.225,"Not in clustering sample"
"Ghana","GHA","Africa",2021,4.872,1.112,0.595,0.409,0.5,0.23,0.056,NA,NA,NA,1.85431966533681,28,15,13,NA,2367.5,"Not in clustering sample"
"Türkiye","TUR","Asia",2021,4.744,1.707,0.865,0.702,0.209,0.087,0.115,NA,NA,NA,2.49289816744587,26.5,12,14.5,59,2333.8,"Cluster 3"
"Burkina Faso","BFA","Africa",2021,4.67,0.779,0.565,0.32,0.382,0.186,0.126,NA,NA,NA,NA,45,30,15,NA,3209,"Not in clustering sample"
"Cambodia","KHM","Asia",2021,4.64,1.019,0.732,0.505,0.74,0.166,0.068,NA,NA,NA,NA,45,18,27,NA,NA,"Not in clustering sample"
"Benin","BEN","Africa",2021,4.623,0.932,0.064,0.335,0.479,0.127,0.23,NA,NA,NA,NA,37,24,13,NA,2630.46666666667,"Not in clustering sample"
"Comoros","COM","Africa",2021,4.609,0.899,0.476,0.424,0.185,0.195,0.125,NA,NA,37.75,NA,25,25,NA,NA,NA,"Not in clustering sample"
"Uganda","UGA","Africa",2021,4.603,0.777,0.875,0.418,0.402,0.222,0.066,NA,NA,44.44,8.6929190935579,28,15,13,NA,2304,"Not in clustering sample"
"Nigeria","NGA","Africa",2021,4.552,1.079,0.732,0.3,0.444,0.175,0.038,NA,NA,NA,NA,5,5,NA,NA,2669.08,"Not in clustering sample"
"Kenya","KEN","Africa",2021,4.543,1.032,0.605,0.401,0.44,0.322,0.082,NA,NA,39.05,5.10718267463251,31,21,10,NA,3030.125,"Not in clustering sample"
"Tunisia","TUN","Africa",2021,4.516,1.35,0.596,0.656,0.316,0.029,0.029,NA,NA,43.26,NA,16,10,6,NA,3049.95,"Not in clustering sample"
"Pakistan","PAK","Asia",2021,4.516,1.049,0.413,0.374,0.448,0.181,0.112,NA,NA,NA,3.78657227562101,29,14,15,60,3108.51666666667,"Cluster 3"
"State of Palestine","PSE","Asia",2021,4.483,1.148,0.957,0.521,0.336,0.073,0.079,NA,NA,NA,0.655695277576543,NA,NA,NA,NA,NA,"Not in clustering sample"
"Mali","MLI","Africa",2021,4.479,0.792,0.483,0.311,0.35,0.128,0.042,NA,NA,NA,NA,22,22,NA,NA,3099.86666666667,"Not in clustering sample"
"Namibia","NAM","Africa",2021,4.459,1.292,0.877,0.354,0.384,0.067,0.071,NA,NA,NA,11.2077806904171,20,20,NA,NA,3737.5,"Not in clustering sample"
"Eswatini","SWZ","Africa",2021,4.396,1.274,0.786,0.197,0.259,0.038,0.154,NA,NA,NA,12.5145709802017,NA,NA,NA,NA,NA,"Not in clustering sample"
"Myanmar","MMR","Asia",2021,4.394,1.038,0.829,0.491,0.513,0.452,0.194,NA,8.3,NA,28.6567343550508,24,10,14,NA,NA,"Not in clustering sample"
"Sri Lanka","LKA","Asia",2021,4.362,1.415,0.934,0.66,0.529,0.15,0.079,NA,1.4,NA,2.46251471121266,40,20,20,55,NA,"Not in clustering sample"
"Madagascar","MDG","Africa",2021,4.339,0.67,0.645,0.378,0.202,0.143,0.154,NA,NA,NA,NA,35,22,13,NA,2864.43333333333,"Not in clustering sample"
"Egypt","EGY","Africa",2021,4.288,1.388,0.732,0.548,0.469,0.041,0.254,NA,NA,NA,NA,34,21,17,NA,3710.68,"Not in clustering sample"
"Chad","TCD","Africa",2021,4.251,0.662,0.506,0.225,0.18,0.182,0.077,NA,NA,NA,NA,27,24,3,NA,3353.2,"Not in clustering sample"
"Ethiopia","ETH","Africa",2021,4.241,0.788,0.809,0.457,0.472,0.205,0.136,NA,NA,31.92,NA,25,12,13,NA,2784.85,"Not in clustering sample"
"Yemen","YEM","Asia",2021,4.197,0.691,1.043,0.384,0.33,0.09,0.098,NA,NA,NA,NA,37,22,15,NA,NA,"Not in clustering sample"
"Mauritania","MRT","Africa",2021,4.153,1.1,0.865,0.45,0.304,0.088,0.138,NA,NA,NA,NA,22,15,7,NA,3332.5,"Not in clustering sample"
"Jordan","JOR","Asia",2021,4.152,1.324,0.724,0.675,0.476,0.058,0.2,NA,NA,NA,1.03014940057956,26,14,12,NA,NA,"Not in clustering sample"
"Togo","TGO","Africa",2021,4.112,0.771,0.322,0.36,0.292,0.174,0.132,NA,NA,NA,NA,22,22,NA,NA,2579.95,"Not in clustering sample"
"India","IND","Asia",2021,3.777,1.167,0.376,0.471,0.647,0.198,0.123,NA,NA,NA,2.92249230234054,35,25,10,60,2517.02,"Cluster 1"
"Zambia","ZMB","Africa",2021,3.76,0.93,0.577,0.306,0.525,0.203,0.083,NA,3.7,NA,NA,31,20,11,NA,2965.46666666667,"Not in clustering sample"
"Malawi","MWI","Africa",2021,3.75,0.648,0.279,0.388,0.477,0.14,0.157,NA,NA,NA,NA,NA,18,NA,NA,2795.86666666667,"Not in clustering sample"
"Tanzania","TZA","Africa",2021,3.702,0.848,0.597,0.425,0.578,0.248,0.27,NA,NA,NA,NA,37,20,17,NA,3032.85,"Not in clustering sample"
"Sierra Leone","SLE","Africa",2021,3.574,0.686,0.416,0.273,0.387,0.202,0.055,NA,NA,NA,NA,18,18,NA,NA,NA,"Not in clustering sample"
"Lesotho","LSO","Africa",2021,3.512,0.839,0.848,0,0.419,0.076,0.018,NA,NA,NA,NA,22,12,10,NA,NA,"Not in clustering sample"
"Botswana","BWA","Africa",2021,3.471,1.503,0.815,0.28,0.571,0.012,0.102,NA,NA,NA,11.3681767255945,29,15,14,NA,3426.66666666667,"Not in clustering sample"
"Rwanda","RWA","Africa",2021,3.268,0.785,0.133,0.462,0.621,0.187,0.544,NA,NA,NA,NA,26,15,11,NA,NA,"Not in clustering sample"
"Zimbabwe","ZWE","Africa",2021,2.995,0.947,0.69,0.27,0.329,0.106,0.105,NA,NA,NA,6.2162875596387,33,22,11,NA,3065.4,"Not in clustering sample"
"Lebanon","LBN","Asia",2021,2.955,1.392,0.498,0.631,0.103,0.082,0.034,NA,NA,NA,3.32276954940534,37,15,22,NA,2944,"Not in clustering sample"
"Afghanistan","AFG","Asia",2021,2.404,0.758,0,0.289,0,0.089,0.005,NA,NA,39.6,4.0324584656778,35,20,15,NA,3175.1,"Not in clustering sample"
"Finland","FIN","Europe",2020,7.842,1.446,1.106,0.741,0.691,0.124,0.481,NA,NA,NA,1.75419179501202,36,25,11,64.75,1858,"Cluster 2"
"Denmark","DNK","Europe",2020,7.62,1.502,1.108,0.763,0.686,0.208,0.485,NA,NA,NA,0.823111601929511,37.5,27.5,10,67,1932,"Cluster 2"
"Switzerland","CHE","Europe",2020,7.571,1.566,1.079,0.816,0.653,0.204,0.413,NA,NA,NA,0.543944872228796,27,20,7,64.5,1932.75,"Cluster 2"
"Iceland","ISL","Europe",2020,7.554,1.482,1.172,0.772,0.698,0.293,0.17,NA,NA,NA,1.36383225954273,38,24,14,67,1326,"Cluster 2"
"Netherlands","NLD","Europe",2020,7.464,1.501,1.079,0.753,0.647,0.302,0.384,NA,NA,NA,0.686068183497271,28,20,8,67,1662,"Cluster 2"
"Norway","NOR","Europe",2020,7.392,1.543,1.108,0.782,0.703,0.249,0.427,NA,32.4,NA,0.576285998471727,35,25,10,62,1373.33333333333,"Cluster 2"
"Sweden","SWE","Europe",2020,7.363,1.478,1.062,0.763,0.685,0.244,0.448,NA,43.5,NA,1.19764105277864,34,25,9,64.5,1782.5,"Cluster 2"
"Luxembourg","LUX","Europe",2020,7.324,1.751,1.003,0.76,0.639,0.166,0.353,NA,34.2,NA,0.475739656230524,42,28.5,11,65,1634,"Cluster 2"
"New Zealand","NZL","Oceania",2020,7.277,1.4,1.094,0.785,0.665,0.276,0.445,NA,NA,33,1.02566226716727,32,20,12,65,1967.06,"Cluster 2"
"Austria","AUT","Europe",2020,7.268,1.492,1.062,0.782,0.64,0.215,0.292,NA,35,NA,0.728584791296886,38,25,13,62.75,1884,"Cluster 1"
"Australia","AUS","Oceania",2020,7.183,1.453,1.076,0.801,0.647,0.291,0.317,NA,NA,32.29,0.858459424254959,30,20,10,67,2975.42666666667,"Cluster 2"
"Israel","ISR","Asia",2020,7.157,1.376,1.074,0.788,0.509,0.208,0.119,NA,NA,NA,1.67038317453709,21,12,9,65.125,3311,"Cluster 3"
"Germany","DEU","Europe",2020,7.155,1.48,0.993,0.757,0.6,0.195,0.306,NA,46.2,NA,0.935085587265765,30,20,10,66,1644,"Cluster 2"
"Canada","CAN","Americas",2020,7.103,1.447,1.044,0.798,0.648,0.246,0.335,NA,NA,NA,2.00409191032713,25,15,10,65,2028.04444444444,"Cluster 2"
"Ireland","IRL","Europe",2020,7.085,1.644,1.092,0.753,0.606,0.238,0.367,NA,18.5,NA,0.642234139902479,30,20,10,66,1453,"Cluster 2"
"Costa Rica","CRI","Americas",2020,7.069,1.134,0.966,0.722,0.673,0.105,0.083,NA,NA,NA,11.3222838436969,19,10,9,NA,NA,"Not in clustering sample"
"United Kingdom","GBR","Europe",2020,7.064,1.423,1.062,0.757,0.58,0.34,0.306,NA,18.9,NA,NA,29,20,9,66,1441.66666666667,"Not in clustering sample"
"Czechia","CZE","Europe",2020,6.965,1.37,1.09,0.703,0.58,0.052,0.046,NA,NA,NA,0.729848861096918,33,20,13,64.5,1668,"Cluster 1"
"United States","USA","Americas",2020,6.951,1.533,1.03,0.621,0.554,0.252,0.154,NA,10.8,NA,6.35465593745812,NA,NA,NA,66.83,2827.61851851852,"Not in clustering sample"
"Belgium","BEL","Europe",2020,6.834,1.463,0.998,0.747,0.489,0.088,0.187,NA,28.3,NA,NA,30,20,10,65,1546,"Not in clustering sample"
"France","FRA","Europe",2020,6.69,1.421,1.081,0.804,0.536,0.092,0.235,NA,40.4,NA,1.04999178555921,42,31,11,62.75,2315.125,"Cluster 1"
"Bahrain","BHR","Asia",2020,6.647,1.409,0.899,0.662,0.661,0.246,0.139,NA,NA,NA,0,44,30,14,NA,NA,"Not in clustering sample"
"Malta","MLT","Europe",2020,6.602,1.411,1.055,0.747,0.664,0.275,0.183,NA,NA,NA,1.35081285163347,41,27,14,64,3054,"Cluster 1"
"Taiwan Province of China","TWN","Asia",2020,6.584,1.48,0.982,0.665,0.49,0.142,0.139,NA,NA,NA,NA,28.5,16.5,12,NA,1886.86666666667,"Not in clustering sample"
"United Arab Emirates","ARE","Asia",2020,6.561,1.555,0.86,0.594,0.67,0.236,0.223,NA,1.1,NA,0.687938137215929,44,30,14,65,3508.7,"Cluster 1"
"Saudi Arabia","SAU","Asia",2020,6.494,1.435,0.964,0.571,0.603,0.09,0.163,NA,5.2,NA,NA,30,21,9,60,3236.5,"Not in clustering sample"
"Spain","ESP","Europe",2020,6.491,1.375,1.057,0.826,0.462,0.135,0.124,NA,NA,NA,0.69421884953507,36,22,14,66.67,2832.5,"Cluster 1"
"Italy","ITA","Europe",2020,6.483,1.393,0.94,0.798,0.379,0.133,0.047,NA,NA,NA,0.475691584209703,32,20,12,67,2372.25,"Cluster 1"
"Slovenia","SVN","Europe",2020,6.461,1.36,1.093,0.722,0.69,0.122,0.085,NA,NA,NA,0.523206714930108,33,20,13,60,1974,"Cluster 1"
"Guatemala","GTM","Americas",2020,6.435,0.845,0.79,0.519,0.638,0.163,0.105,NA,0.7,NA,18.1882859775834,25,15,10,NA,NA,"Not in clustering sample"
"Uruguay","URY","Americas",2020,6.431,1.164,1.042,0.649,0.625,0.128,0.223,NA,6.4,NA,10.0324569104505,25,20,5,NA,2481.4,"Not in clustering sample"
"Singapore","SGP","Asia",2020,6.377,1.695,1.019,0.897,0.664,0.176,0.547,NA,5.2,42.6,0.177931178177524,21.5,10.5,11,63,2022.4,"Cluster 2"
"Kosovo","XKX","Europe",2020,6.372,0.937,0.807,0.483,0.593,0.356,0.014,NA,NA,NA,2.11257513202167,NA,NA,NA,NA,NA,"Not in clustering sample"
"Slovakia","SVK","Europe",2020,6.331,1.304,1.066,0.653,0.468,0.107,0.018,NA,9.4,NA,1.15489878274585,34,22.5,14,63,2038,"Cluster 1"
"Brazil","BRA","Americas",2020,6.33,1.028,0.944,0.571,0.514,0.142,0.117,NA,NA,NA,22.8706064004318,28,16,13,63.5,2237.58181818182,"Cluster 3"
"Mexico","MEX","Americas",2020,6.317,1.126,0.83,0.634,0.585,0.092,0.089,NA,10.9,NA,29.0010048931398,19,12,7,65,2596.25,"Cluster 3"
"Jamaica","JAM","Americas",2020,6.309,0.891,0.932,0.599,0.618,0.099,0.035,NA,NA,NA,47.0901768054208,10,10,NA,NA,NA,"Not in clustering sample"
"Lithuania","LTU","Europe",2020,6.255,1.35,1.065,0.612,0.476,0.056,0.073,NA,19.8,NA,3.6126075712028,34,20,14,64.75,1691,"Cluster 1"
"Cyprus","CYP","Asia",2020,6.223,1.377,0.765,0.801,0.464,0.178,0.061,NA,15.7,NA,1.15185477415008,34,20,14,66,3314.1,"Cluster 1"
"Estonia","EST","Europe",2020,6.189,1.344,1.079,0.64,0.641,0.119,0.263,NA,8.5,NA,3.1586796568621,39,28,12,64.75,1994.5,"Cluster 1"
"Panama","PAN","Americas",2020,6.18,1.298,0.976,0.667,0.596,0.079,0.053,NA,0.3,NA,11.6461589453797,40,30,10,NA,1743.5,"Not in clustering sample"
"Uzbekistan","UZB","Asia",2020,6.179,0.769,1.027,0.528,0.716,0.391,0.271,NA,1.1,NA,1.33685174451114,15,15,NA,57.5,2823.9,"Not in clustering sample"
"Chile","CHL","Americas",2020,6.172,1.2,0.946,0.678,0.438,0.159,0.07,NA,7.3,NA,5.75613878004137,30,15,15,62.5,2841.78,"Cluster 3"
"Poland","POL","Europe",2020,6.166,1.309,0.982,0.668,0.558,0.08,0.13,NA,NA,NA,0.69686389242182,36,23,13,62.5,1997,"Cluster 1"
"Kazakhstan","KAZ","Asia",2020,6.152,1.23,1.103,0.527,0.573,0.143,0.132,NA,2,NA,3.11054491665357,40,24,16,62,2431.5,"Cluster 1"
"Romania","ROU","Europe",2020,6.14,1.275,0.832,0.595,0.564,0.045,0.001,NA,6.2,NA,1.44901611032613,37,20,17,63.5,2115,"Cluster 1"
"Kuwait","KWT","Asia",2020,6.106,1.461,0.857,0.58,0.591,0.12,0.13,NA,NA,NA,0.249991818449578,43,30,13,NA,NA,"Not in clustering sample"
"Serbia","SRB","Europe",2020,6.078,1.101,0.924,0.634,0.482,0.189,0.066,NA,NA,NA,1.21601456438015,31,20,11,64.415,2055,"Cluster 1"
"El Salvador","SLV","Americas",2020,6.061,0.845,0.675,0.565,0.615,0.116,0.16,NA,NA,NA,21.5087446038674,26,15,11,NA,2957,"Not in clustering sample"
"Mauritius","MUS","Africa",2020,6.049,1.178,0.996,0.574,0.59,0.153,0.096,NA,NA,NA,2.72750722204948,38,22,16,60,NA,"Not in clustering sample"
"Latvia","LVA","Europe",2020,6.032,1.285,1.047,0.587,0.405,0.082,0.089,NA,18.5,NA,3.68203328189884,32,20,12,65,1754,"Cluster 1"
"Colombia","COL","Americas",2020,6.012,1.021,0.866,0.615,0.554,0.1,0.063,NA,NA,NA,22.6427030734102,33,15,18,59.5,1930.775,"Cluster 3"
"Hungary","HUN","Europe",2020,5.992,1.301,1.083,0.615,0.454,0.067,0.04,NA,7.8,NA,0.820558561392627,33,20,13,65,1988,"Cluster 1"
"Thailand","THA","Asia",2020,5.985,1.107,0.957,0.596,0.611,0.375,0.028,NA,NA,NA,NA,19,6,13,60,2175.025,"Not in clustering sample"
"Nicaragua","NIC","Americas",2020,5.972,0.693,0.904,0.604,0.553,0.201,0.176,NA,1.4,NA,NA,20,11,9,NA,2759.9,"Not in clustering sample"
"Japan","JPN","Asia",2020,5.94,1.389,0.949,0.838,0.504,0.02,0.192,NA,NA,36.6,0.251772416452194,15,15,NA,65,1837.12,"Not in clustering sample"
"Argentina","ARG","Americas",2020,5.929,1.162,0.98,0.646,0.544,0.069,0.067,NA,NA,NA,5.35272149985868,29,10,19,NA,2220.3,"Not in clustering sample"
"Portugal","PRT","Europe",2020,5.929,1.323,0.939,0.76,0.621,0.029,0.033,NA,NA,NA,0.78106023430457,31,22,9,66.58,2770,"Cluster 1"
"Honduras","HND","Americas",2020,5.919,0.703,0.787,0.593,0.578,0.241,0.083,NA,NA,NA,35.7028493255269,19,8,11,NA,2259.8,"Not in clustering sample"
"Croatia","HRV","Europe",2020,5.882,1.251,1.039,0.703,0.453,0.111,0,NA,20.8,NA,1.01164453441337,33,20,13,64.375,2272,"Cluster 1"
"Philippines","PHL","Asia",2020,5.88,0.853,0.828,0.426,0.651,0.125,0.126,NA,NA,NA,NA,17,5,12,NA,2103.1,"Not in clustering sample"
"Republic of Korea","KOR","Asia",2020,5.845,1.403,0.758,0.801,0.353,0.134,0.135,NA,NA,NA,0.593924062354197,35,20,15,60,2196.65,"Cluster 1"
"Peru","PER","Americas",2020,5.84,0.986,0.833,0.623,0.536,0.087,0.031,NA,13.7,NA,5.79501314909191,28.5,16.5,12,60,2281.65,"Cluster 3"
"Bosnia and Herzegovina","BIH","Europe",2020,5.813,1.032,0.919,0.618,0.395,0.261,0.005,NA,NA,NA,1.3032872085846,35,25,10,NA,1769,"Not in clustering sample"
"Republic of Moldova","MDA","Europe",2020,5.766,0.985,0.888,0.542,0.536,0.137,0.013,NA,NA,NA,3.03017368760082,20,20,NA,62.25,2126,"Not in clustering sample"
"Ecuador","ECU","Americas",2020,5.764,0.935,0.806,0.64,0.56,0.107,0.062,NA,NA,NA,7.81941728300383,23,11,12,NA,1909.55,"Not in clustering sample"
"Kyrgyzstan","KGZ","Asia",2020,5.744,0.665,0.971,0.501,0.673,0.266,0.02,NA,1.7,NA,NA,20,20,NA,NA,NA,"Not in clustering sample"
"Greece","GRC","Europe",2020,5.723,1.273,0.811,0.76,0.243,0,0.074,NA,NA,NA,0.72901495405944,29,20,9,67,2773,"Cluster 1"
"Bolivia","BOL","Americas",2020,5.716,0.842,0.782,0.486,0.6,0.138,0.064,NA,NA,NA,3.62211536699793,31,20,11,NA,2288.9,"Not in clustering sample"
"Mongolia","MNG","Asia",2020,5.677,0.966,1.065,0.442,0.397,0.263,0.053,NA,NA,NA,5.13555198295361,15,15,NA,57.5,2791.5,"Not in clustering sample"
"Paraguay","PRY","Americas",2020,5.653,0.983,0.97,0.549,0.602,0.206,0.037,NA,28.1,NA,7.28375188027935,22,10,12,NA,2803,"Not in clustering sample"
"Montenegro","MNE","Europe",2020,5.581,1.155,0.891,0.637,0.397,0.166,0.081,NA,NA,NA,2.96084285326556,21,21,NA,NA,2481,"Not in clustering sample"
"Dominican Republic","DOM","Americas",2020,5.545,1.106,0.879,0.555,0.581,0.101,0.144,NA,NA,NA,8.72977662309348,23,10,13,NA,NA,"Not in clustering sample"
"North Cyprus","CYP","Asia",2020,5.536,1.377,0.806,0.801,0.503,0.196,0.2,NA,15.7,NA,1.15185477415008,34,20,14,66,3314.1,"Cluster 1"
"Belarus","BLR","Europe",2020,5.534,1.124,1.007,0.56,0.326,0.07,0.199,NA,27.7,NA,2.5558916832354,33,24,9,60.5,1807,"Cluster 1"
"Russian Federation","RUS","Europe",2020,5.477,1.241,0.992,0.511,0.409,0.115,0.06,NA,24.6,NA,7.30812673633554,42.5,28.5,14,60.5,1972.7875,"Cluster 1"
"Hong Kong SAR of China","HKG","Asia",2020,5.477,1.525,0.841,0.893,0.408,0.232,0.342,NA,NA,NA,0.293715731634873,27.5,10.5,17,65,NA,"Not in clustering sample"
"Tajikistan","TJK","Asia",2020,5.466,0.508,0.895,0.498,0.548,0.152,0.247,NA,1.1,NA,0.892370798940089,NA,NA,NA,60.5,NA,"Not in clustering sample"
"Viet Nam","VNM","Asia",2020,5.411,0.817,0.873,0.616,0.679,0.124,0.091,NA,NA,NA,NA,23,12,11,58.96,2123.5,"Not in clustering sample"
"Libya","LBY","Africa",2020,5.41,1.044,0.821,0.435,0.474,0.131,0.174,NA,NA,NA,NA,22,22,NA,70,3178.1,"Not in clustering sample"
"Malaysia","MYS","Asia",2020,5.384,1.259,0.797,0.587,0.624,0.27,0.064,NA,NA,NA,0.746542626101193,19,8,11,60,NA,"Not in clustering sample"
"Indonesia","IDN","Asia",2020,5.345,0.954,0.786,0.433,0.598,0.541,0.046,NA,1.7,NA,NA,30,12,18,59,2521.65,"Not in clustering sample"
"Congo","COG","Africa",2020,5.342,0.518,0.392,0.307,0.381,0.144,0.124,NA,NA,NA,NA,26,26,NA,NA,1698.66666666667,"Not in clustering sample"
"China","CHN","Asia",2020,5.339,1.061,0.785,0.665,0.636,0.093,0.117,NA,6,NA,0.5018560705357,23,10,13,55.33,2028.58,"Cluster 3"
"Côte d’Ivoire","CIV","Africa",2020,5.306,0.669,0.409,0.052,0.438,0.177,0.092,NA,NA,NA,NA,34,20,14,NA,2321.32,"Not in clustering sample"
"Armenia","ARM","Asia",2020,5.283,0.996,0.758,0.585,0.54,0.079,0.198,NA,NA,NA,2.59435451162573,36,20,12,63,2474,"Cluster 1"
"Nepal","NPL","Asia",2020,5.269,0.519,0.702,0.496,0.488,0.287,0.135,NA,NA,NA,2.13004129984372,28,15,13,NA,NA,"Not in clustering sample"
"Bulgaria","BGR","Europe",2020,5.266,1.181,1.055,0.583,0.494,0.125,0.005,NA,15.4,NA,0.995146569224991,32,20,12,63.5,2177,"Cluster 1"
"Maldives","MDV","Asia",2020,5.198,1.115,1.015,0.697,0.575,0.204,0.073,NA,NA,NA,NA,22,22,NA,NA,NA,"Not in clustering sample"
"Azerbaijan","AZE","Asia",2020,5.171,1.025,0.841,0.541,0.526,0.043,0.276,NA,NA,NA,2.15091148557269,40,21,19,64.75,2207.4,"Cluster 1"
"Cameroon","CMR","Africa",2020,5.142,0.543,0.556,0.159,0.425,0.205,0.058,NA,NA,NA,4.58593823145619,18,18,NA,60,2165.125,"Not in clustering sample"
"Senegal","SEN","Africa",2020,5.132,0.518,0.558,0.357,0.381,0.158,0.088,NA,NA,NA,NA,32,20,12,NA,3146,"Not in clustering sample"
"Albania","ALB","Europe",2020,5.117,1.008,0.529,0.646,0.491,0.168,0.024,NA,NA,NA,2.12398982086583,40,28,12,63.415,2544,"Cluster 1"
"North Macedonia","MKD","Europe",2020,5.101,1.068,0.772,0.535,0.45,0.212,0.022,NA,NA,NA,0.587601972312729,32,20,12,63,2339,"Cluster 1"
"Ghana","GHA","Africa",2020,5.088,0.68,0.595,0.287,0.517,0.268,0.058,NA,NA,NA,1.74047705817606,28,15,13,NA,2367.5,"Not in clustering sample"
"Niger","NER","Africa",2020,5.074,0.162,0.402,0.167,0.516,0.2,0.157,NA,NA,NA,NA,33,22,11,NA,3203.2,"Not in clustering sample"
"Turkmenistan","TKM","Asia",2020,5.066,1.046,1.172,0.439,0.602,0.366,0.033,NA,NA,NA,NA,NA,NA,NA,59.5,NA,"Not in clustering sample"
"Gambia","GMB","Africa",2020,5.051,0.367,0.511,0.21,0.384,0.465,0.123,NA,NA,NA,NA,21,21,NA,NA,3070,"Not in clustering sample"
"Benin","BEN","Africa",2020,5.045,0.507,0.058,0.196,0.457,0.166,0.178,NA,NA,NA,NA,37,24,13,NA,2630.46666666667,"Not in clustering sample"
"Lao PDR","LAO","Asia",2020,5.03,0.808,0.598,0.33,0.643,0.268,0.179,NA,4.2,NA,NA,15,15,NA,NA,NA,"Not in clustering sample"
"Bangladesh","BGD","Asia",2020,5.025,0.635,0.52,0.514,0.603,0.161,0.164,NA,NA,NA,2.12810706638342,21,10,11,59,2066,"Cluster 3"
"Guinea","GIN","Africa",2020,4.984,0.42,0.399,0.206,0.384,0.25,0.111,NA,NA,NA,NA,33,22,11,NA,2440,"Not in clustering sample"
"South Africa","ZAF","Africa",2020,4.956,0.967,0.895,0.265,0.447,0.144,0.051,NA,3,NA,32.9775673780065,27,15,12,60,3141.31666666667,"Cluster 3"
"Türkiye","TUR","Asia",2020,4.948,1.26,0.809,0.59,0.236,0.097,0.104,NA,NA,NA,2.49036807460102,26.5,12,14.5,59,2333.8,"Cluster 3"
"Pakistan","PAK","Asia",2020,4.934,0.637,0.423,0.322,0.418,0.252,0.097,NA,NA,NA,3.55316509010108,29,14,15,60,3108.51666666667,"Cluster 3"
"Morocco","MAR","Africa",2020,4.918,0.792,0.219,0.558,0.477,0.034,0.088,NA,12.3,NA,2.93295948896857,25,15,13,NA,3155.46666666667,"Not in clustering sample"
"Venezuela","VEN","Americas",2020,4.892,0.852,0.897,0.574,0.284,0.078,0.072,NA,NA,NA,29.475380243919,29,15,14,57.5,2895.3,"Cluster 3"
"Georgia","GEO","Asia",2020,4.891,1.03,0.47,0.498,0.488,0.032,0.181,NA,NA,NA,NA,39,24,15,62.5,2046,"Not in clustering sample"
"Algeria","DZA","Africa",2020,4.887,0.946,0.765,0.552,0.119,0.144,0.12,NA,11.5,NA,1.48494311952627,41,30,11,60,3266.5,"Cluster 1"
"Ukraine","UKR","Europe",2020,4.875,0.979,0.958,0.517,0.417,0.181,0.01,NA,19.1,39,3.80035686872931,37,24,13,60,1955,"Cluster 1"
"Iraq","IRQ","Asia",2020,4.854,0.91,0.638,0.381,0.302,0.153,0.041,NA,NA,NA,NA,20,20,NA,NA,3240.8,"Not in clustering sample"
"Gabon","GAB","Africa",2020,4.852,1.037,0.707,0.362,0.424,0.058,0.064,NA,NA,NA,NA,34,20,14,NA,1720.2,"Not in clustering sample"
"Burkina Faso","BFA","Africa",2020,4.834,0.364,0.472,0.179,0.381,0.182,0.122,NA,NA,NA,NA,45,30,15,NA,3209,"Not in clustering sample"
"Cambodia","KHM","Asia",2020,4.83,0.603,0.68,0.426,0.702,0.21,0.061,NA,5.9,NA,NA,45,18,27,NA,NA,"Not in clustering sample"
"Mozambique","MOZ","Africa",2020,4.794,0.183,0.634,0.196,0.608,0.228,0.163,NA,NA,NA,NA,19,10,9,NA,2838,"Not in clustering sample"
"Nigeria","NGA","Africa",2020,4.759,0.663,0.625,0.051,0.433,0.212,0.039,NA,NA,NA,NA,5,5,NA,NA,2669.08,"Not in clustering sample"
"Mali","MLI","Africa",2020,4.723,0.387,0.59,0.11,0.384,0.164,0.072,NA,NA,NA,NA,22,22,NA,NA,3099.86666666667,"Not in clustering sample"
"Iran","IRN","Asia",2020,4.721,1.03,0.557,0.561,0.275,0.33,0.144,NA,NA,NA,NA,53,26,27,NA,3043.225,"Not in clustering sample"
"Uganda","UGA","Africa",2020,4.636,0.364,0.718,0.24,0.398,0.267,0.054,NA,NA,NA,10.3222985322778,28,15,13,NA,2304,"Not in clustering sample"
"Liberia","LBR","Africa",2020,4.625,0.228,0.58,0.253,0.43,0.221,0.057,NA,NA,NA,NA,21,10,11,NA,NA,"Not in clustering sample"
"Kenya","KEN","Africa",2020,4.607,0.603,0.508,0.385,0.483,0.375,0.073,NA,NA,NA,5.20516812678687,31,21,10,NA,3030.125,"Not in clustering sample"
"Tunisia","TUN","Africa",2020,4.596,0.919,0.515,0.59,0.334,0.057,0.044,NA,NA,NA,4.69348024650292,16,10,6,NA,3049.95,"Not in clustering sample"
"Lebanon","LBN","Asia",2020,4.584,1.045,0.868,0.595,0.175,0.14,0.026,NA,NA,NA,2.24466989542556,37,15,22,NA,2944,"Not in clustering sample"
"Namibia","NAM","Africa",2020,4.574,0.882,0.801,0.262,0.411,0.091,0.059,NA,NA,NA,11.1039385450139,20,20,NA,NA,3737.5,"Not in clustering sample"
"State of Palestine","PSE","Asia",2020,4.517,0.646,0.819,0.434,0.33,0.082,0.075,NA,NA,NA,0.355051154981407,NA,NA,NA,NA,NA,"Not in clustering sample"
"Myanmar","MMR","Asia",2020,4.426,0.666,0.713,0.341,0.601,0.52,0.178,NA,8.7,44.65,2.96322722719558,24,10,14,NA,NA,"Not in clustering sample"
"Jordan","JOR","Asia",2020,4.395,0.89,0.685,0.583,0.455,0.079,0.15,NA,NA,NA,0.993996674252794,26,14,12,NA,NA,"Not in clustering sample"
"Chad","TCD","Africa",2020,4.355,0.255,0.353,0,0.24,0.215,0.084,NA,NA,NA,NA,27,24,3,NA,3353.2,"Not in clustering sample"
"Sri Lanka","LKA","Asia",2020,4.325,0.99,0.82,0.593,0.559,0.239,0.049,NA,1.4,NA,NA,40,20,20,55,NA,"Not in clustering sample"
"Swaziland","SWZ","Africa",2020,4.308,0.849,0.693,0.074,0.323,0.067,0.147,NA,NA,NA,NA,NA,NA,NA,NA,NA,"Not in clustering sample"
"Comoros","COM","Africa",2020,4.289,0.488,0.367,0.279,0.202,0.241,0.101,NA,NA,NA,NA,25,25,NA,NA,NA,"Not in clustering sample"
"Egypt","EGY","Africa",2020,4.283,0.954,0.647,0.426,0.446,0.069,0.092,NA,4.3,NA,NA,34,21,17,NA,3710.68,"Not in clustering sample"
"Ethiopia","ETH","Africa",2020,4.275,0.37,0.679,0.331,0.451,0.241,0.114,NA,NA,NA,NA,25,12,13,NA,2784.85,"Not in clustering sample"
"Mauritania","MRT","Africa",2020,4.227,0.666,0.749,0.273,0.218,0.119,0.133,NA,NA,NA,0.999971522550119,22,15,7,NA,3332.5,"Not in clustering sample"
"Madagascar","MDG","Africa",2020,4.208,0.266,0.503,0.341,0.207,0.185,0.087,NA,NA,NA,NA,35,22,13,NA,2864.43333333333,"Not in clustering sample"
"Togo","TGO","Africa",2020,4.107,0.254,0.239,0.203,0.289,0.209,0.107,NA,3.2,NA,NA,22,22,NA,NA,2579.95,"Not in clustering sample"
"Zambia","ZMB","Africa",2020,4.073,0.528,0.552,0.231,0.487,0.227,0.074,NA,NA,NA,NA,31,20,11,NA,2965.46666666667,"Not in clustering sample"
"Sierra Leone","SLE","Africa",2020,3.849,0.279,0.377,0.1,0.408,0.243,0.047,NA,NA,NA,2.22431228940123,18,18,NA,NA,NA,"Not in clustering sample"
"India","IND","Asia",2020,3.819,0.741,0.316,0.383,0.622,0.246,0.106,NA,NA,NA,2.93529734667461,35,25,10,60,2517.02,"Cluster 3"
"Burundi","BDI","Africa",2020,3.775,0,0.062,0.155,0.298,0.172,0.212,NA,NA,NA,NA,30,17,13,NA,2373.4,"Not in clustering sample"
"Yemen","YEM","Asia",2020,3.658,0.329,0.831,0.272,0.268,0.092,0.089,NA,NA,NA,NA,37,22,15,NA,NA,"Not in clustering sample"
"Tanzania","TZA","Africa",2020,3.623,0.433,0.54,0.3,0.549,0.307,0.231,NA,NA,NA,3.74921291744897,37,20,17,NA,3032.85,"Not in clustering sample"
"Haiti","HTI","Americas",2020,3.615,0.294,0.173,0.227,0.257,0.463,0.139,NA,NA,NA,12.2733782954021,27,11,16,NA,NA,"Not in clustering sample"
"Malawi","MWI","Africa",2020,3.6,0.113,0.168,0.298,0.484,0.213,0.134,NA,NA,NA,NA,NA,18,NA,NA,2795.86666666667,"Not in clustering sample"
"Lesotho","LSO","Africa",2020,3.512,0.451,0.731,0.007,0.405,0.103,0.015,NA,NA,NA,NA,22,12,10,NA,NA,"Not in clustering sample"
"Botswana","BWA","Africa",2020,3.467,1.099,0.724,0.34,0.539,0.027,0.088,NA,NA,NA,9.3410798076921,29,15,14,NA,3426.66666666667,"Not in clustering sample"
"Rwanda","RWA","Africa",2020,3.415,0.364,0.202,0.407,0.627,0.227,0.493,NA,NA,NA,3.61247427164444,26,15,11,NA,NA,"Not in clustering sample"
"Zimbabwe","ZWE","Africa",2020,3.145,0.457,0.649,0.243,0.359,0.157,0.075,NA,NA,NA,5.02354351291954,33,22,11,NA,3065.4,"Not in clustering sample"
"Afghanistan","AFG","Asia",2020,2.523,0.37,0,0.126,0,0.122,0.01,NA,NA,NA,6.57810893906391,35,20,15,NA,3175.1,"Not in clustering sample"
"Finland","FIN","Europe",2019,7.80870008468628,1.28518950939178,1.49952590465546,0.961271405220032,0.662316739559174,0.159670442342758,0.477857261896133,NA,NA,NA,1.46692385524251,36,25,11,64.75,1858,"Cluster 2"
"Denmark","DNK","Europe",2019,7.64559984207153,1.32694852352142,1.50344920158386,0.979332566261292,0.665039896965027,0.242793396115303,0.495260328054428,NA,NA,NA,0.859901642730301,37.5,27.5,10,67,1932,"Cluster 2"
"Switzerland","CHE","Europe",2019,7.55989980697632,1.39077425003052,1.47240340709686,1.04053318500519,0.628954470157623,0.269055753946304,0.407945901155472,NA,NA,NA,0.53628529631628,27,20,7,64.5,1932.75,"Cluster 2"
"Iceland","ISL","Europe",2019,7.50449991226196,1.3265016078949,1.547567486763,1.00084340572357,0.661980748176575,0.362330228090286,0.144540771842003,NA,NA,NA,0.277239086829896,38,24,14,67,1326,"Cluster 2"
"Norway","NOR","Europe",2019,7.48799991607666,1.42420732975006,1.49517250061035,1.00807189941406,0.670200884342194,0.28798508644104,0.434100568294525,NA,32.8,NA,0.523586594350632,35,25,10,62,1373.33333333333,"Cluster 2"
"Netherlands","NLD","Europe",2019,7.44890022277832,1.33894634246826,1.46364593505859,0.975675344467163,0.613626480102539,0.33631756901741,0.368569761514664,NA,NA,NA,0.712758090417298,28,20,8,67,1662,"Cluster 2"
"Sweden","SWE","Europe",2019,7.35349988937378,1.32223522663116,1.43334770202637,0.986470460891724,0.650297701358795,0.27282789349556,0.442066371440887,NA,45.6,NA,1.07985845098683,34,25,9,64.5,1782.5,"Cluster 2"
"New Zealand","NZL","Oceania",2019,7.29960012435913,1.24231791496277,1.48721837997437,1.00813829898834,0.646789908409119,0.325726211071014,0.461268275976181,NA,NA,NA,2.28484272415384,32,20,12,65,1967.06,"Cluster 2"
"Austria","AUT","Europe",2019,7.29419994354248,1.31728553771973,1.43744492530823,1.00093352794647,0.603368878364563,0.25550976395607,0.281256139278412,NA,34.7,NA,0.86703158562286,38,25,13,62.75,1884,"Cluster 2"
"Luxembourg","LUX","Europe",2019,7.23750019073486,1.53667604923248,1.38752841949463,0.986442685127258,0.610137045383453,0.195953920483589,0.3670414686203,NA,42.7,NA,0.644991719918795,42,28.5,11,65,1634,"Cluster 2"
"Canada","CAN","Americas",2019,7.23210000991821,1.30164766311646,1.43539190292358,1.02250194549561,0.644028127193451,0.281528919935226,0.351701855659485,NA,NA,NA,1.82357460879594,25,15,10,65,2028.04444444444,"Cluster 2"
"Australia","AUS","Oceania",2019,7.22279977798462,1.31039643287659,1.47714626789093,1.02260768413544,0.621877193450928,0.324973613023758,0.33599641919136,NA,NA,NA,0.882951478402183,30,20,10,67,2975.42666666667,"Cluster 2"
"United Kingdom","GBR","Europe",2019,7.16450023651123,1.2730610370636,1.45784497261047,0.975700080394745,0.525168657302856,0.373433440923691,0.322601646184921,NA,19.3,NA,NA,29,20,9,66,1441.66666666667,"Not in clustering sample"
"Israel","ISR","Asia",2019,7.12860012054443,1.21646368503571,1.40325677394867,1.00805294513702,0.42069947719574,0.266861796379089,0.09989845007658,NA,NA,NA,1.6402012873501,21,12,9,65.125,3311,"Cluster 3"
"Costa Rica","CRI","Americas",2019,7.12139987945557,0.981107711791992,1.37485361099243,0.939635336399078,0.645017743110657,0.131266310811043,0.0963620916008949,NA,NA,NA,11.2610056078008,19,10,9,NA,NA,"Not in clustering sample"
"Ireland","IRL","Europe",2019,7.09369993209839,1.44688677787781,1.47059643268585,0.975670695304871,0.587779939174652,0.295426994562149,0.373433262109756,NA,17.3,NA,0.628358296386879,30,20,10,66,1453,"Cluster 2"
"Germany","DEU","Europe",2019,7.0757999420166,1.31418454647064,1.36854374408722,0.97211480140686,0.56427413225174,0.252037703990936,0.309362292289734,NA,46.2,NA,0.745579302641966,30,20,10,66,1644,"Cluster 2"
"United States","USA","Americas",2019,6.93959999084473,1.37398684024811,1.40478670597076,0.831618010997772,0.534608244895935,0.298143059015274,0.152284741401672,NA,13.4,NA,4.93472178525416,NA,NA,NA,66.83,2827.61851851852,"Not in clustering sample"
"Czechia","CZE","Europe",2019,6.9109001159668,1.21232235431671,1.40528666973114,0.89456444978714,0.505744576454163,0.0463259294629097,0.0498032234609127,NA,49.1,NA,0.862160849844266,33,20,13,64.5,1668,"Cluster 1"
"Belgium","BEL","Europe",2019,6.86350011825562,1.29584276676178,1.39867758750916,0.964901149272919,0.499805420637131,0.146966159343719,0.208724051713943,NA,29.1,NA,NA,30,20,10,65,1546,"Not in clustering sample"
"United Arab Emirates","ARE","Asia",2019,6.79080009460449,1.43108642101288,1.25117099285126,0.787814438343048,0.652936100959778,0.280655980110168,0.220213517546654,NA,NA,NA,0.68245938100401,44,30,14,65,3508.7,"Cluster 1"
"Malta","MLT","Europe",2019,6.77279996871948,1.2525132894516,1.44295692443848,0.97204202413559,0.633239030838013,0.341180831193924,0.178864076733589,NA,NA,NA,0.992032983112623,41,27,14,64,3054,"Cluster 1"
"France","FRA","Europe",2019,6.66379976272583,1.26812934875488,1.45883917808533,1.02971422672272,0.514050900936127,0.112607702612877,0.227303236722946,NA,40.1,NA,1.14560504750237,42,31,11,62.75,2315.125,"Cluster 1"
"Mexico","MEX","Americas",2019,6.46500015258789,1.02438747882843,1.22633349895477,0.831601023674011,0.553892552852631,0.083094485104084,0.0831336677074432,NA,17,NA,29.150867187807,19,12,7,65,2596.25,"Cluster 3"
"Taiwan Province of China","TWN","Asia",2019,6.45539999008179,1.32747054100037,1.3577606678009,0.878437995910645,0.449404388666153,0.150598704814911,0.131516352295876,NA,NA,NA,NA,28.5,16.5,12,NA,1886.86666666667,"Not in clustering sample"
"Uruguay","URY","Americas",2019,6.44010019302368,1.07100045681,1.42508113384247,0.856928884983063,0.594267070293427,0.132143691182137,0.193425074219704,NA,NA,NA,11.5977676357818,25,20,5,NA,2481.4,"Not in clustering sample"
"Saudi Arabia","SAU","Asia",2019,6.4064998626709,1.33432853221893,1.30995011329651,0.759818136692047,0.548477470874786,0.0874406844377518,0.163322314620018,NA,6.2,NA,NA,30,21,9,60,3236.5,"Not in clustering sample"
"Spain","ESP","Europe",2019,6.40089988708496,1.23053526878357,1.4210991859436,1.05134308338165,0.425983816385269,0.165305480360985,0.109579779207706,NA,NA,NA,0.69779523479218,36,22,14,66.67,2832.5,"Cluster 1"
"Guatemala","GTM","Americas",2019,6.39890003204346,0.753815710544586,1.17426705360413,0.7059525847435,0.613146722316742,0.170611664652824,0.0983603000640869,NA,0.8,NA,25.9415998284592,25,15,10,NA,NA,"Not in clustering sample"
"Italy","ITA","Europe",2019,6.38740015029907,1.23639607429504,1.34729599952698,1.02250492572784,0.321305572986603,0.170266211032867,0.0401455983519554,NA,NA,NA,0.527189893600108,32,20,12,67,2372.25,"Cluster 1"
"Singapore","SGP","Asia",2019,6.37709999084473,1.51958012580872,1.39545691013336,1.13781428337097,0.635317206382751,0.218770906329155,0.533162236213684,NA,4.7,NA,0.211656543163604,21.5,10.5,11,63,2022.4,"Cluster 2"
"Brazil","BRA","Americas",2019,6.37559986114502,0.952679872512817,1.36346411705017,0.766119062900543,0.483292728662491,0.131674587726593,0.106518603861332,NA,NA,NA,21.2445602088385,28,16,13,63.5,2237.58181818182,"Cluster 3"
"Slovenia","SVN","Europe",2019,6.36339998245239,1.20865249633789,1.46467769145966,0.932548046112061,0.646700143814087,0.145701497793198,0.0765163227915764,NA,NA,NA,0.671965756625042,33,20,13,60,1974,"Cluster 1"
"El Salvador","SLV","Americas",2019,6.34829998016357,0.748940408229828,1.14939761161804,0.752730011940002,0.524043917655945,0.11893630027771,0.11703035235405,NA,10.2,NA,38.5386955905095,26,15,11,NA,2957,"Not in clustering sample"
"Kosovo","XKX","Europe",2019,6.32520008087158,0.840481340885162,1.18396282196045,0.672709167003632,0.557280421257019,0.325286865234375,0.00855902396142483,NA,NA,NA,1.36748864129747,NA,NA,NA,NA,NA,"Not in clustering sample"
"Panama","PAN","Americas",2019,6.30480003356934,1.09766781330109,1.37614929676056,0.878546535968781,0.579849779605865,0.0972073078155518,0.0542305260896683,NA,NA,NA,11.3349220328569,40,30,10,NA,1743.5,"Not in clustering sample"
"Slovakia","SVK","Europe",2019,6.28060007095337,1.19483768939972,1.4243311882019,0.853465259075165,0.423542529344559,0.116729773581028,0.0112914405763149,NA,10.4,NA,1.39433538407656,34,22.5,14,63,2038,"Cluster 1"
"Uzbekistan","UZB","Asia",2019,6.25759983062744,0.696652948856354,1.43402004241943,0.716703712940216,0.693270325660706,0.363311022520065,0.280260264873505,NA,1,NA,1.20128497449438,15,15,NA,57.5,2823.9,"Not in clustering sample"
"Chile","CHL","Americas",2019,6.22849988937378,1.09699249267578,1.32328689098358,0.889260828495026,0.417482227087021,0.155579000711441,0.0628493502736092,NA,9.9,NA,4.81306553520039,30,15,15,62.5,2841.78,"Cluster 3"
"Bahrain","BHR","Asia",2019,6.22730016708374,1.29669225215912,1.31532371044159,0.838836371898651,0.610399901866913,0.287453711032867,0.12669725716114,NA,NA,NA,0.269238704006036,44,30,14,NA,NA,"Not in clustering sample"
"Lithuania","LTU","Europe",2019,6.21549987792969,1.19355964660645,1.43286573886871,0.795421183109283,0.420460790395737,0.0536910407245159,0.0813502743840218,NA,20.8,NA,3.36307869103253,34,20,14,64.75,1691,"Cluster 1"
"Trinidad and Tobago","TTO","Americas",2019,6.19189977645874,1.16764152050018,1.40732622146606,0.658828556537628,0.552931129932404,0.199358254671097,0.0150783956050873,NA,NA,NA,36.2988873279844,24,10,14,NA,NA,"Not in clustering sample"
"Poland","POL","Europe",2019,6.1862998008728,1.16922914981842,1.31039977073669,0.868038475513458,0.557903528213501,0.0633742436766624,0.160541251301765,NA,NA,NA,0.661855188726895,36,23,13,62.5,1997,"Cluster 1"
"Colombia","COL","Americas",2019,6.16340017318726,0.932203710079193,1.3344509601593,0.81002014875412,0.52689003944397,0.0923740938305855,0.0458483695983887,NA,NA,NA,23.3990612924966,33,15,18,59.5,1930.775,"Cluster 3"
"Cyprus","CYP","Asia",2019,6.15899991989136,1.21279942989349,1.14917075634003,1.02612459659576,0.459385871887207,0.227932333946228,0.0512071438133717,NA,NA,NA,1.16579872951254,34,20,14,66,3314.1,"Cluster 1"
"Nicaragua","NIC","Americas",2019,6.13710021972656,0.620033144950867,1.27081274986267,0.803093254566193,0.560117304325104,0.212871477007866,0.174084573984146,NA,NA,NA,7.94304819024202,20,11,9,NA,2759.9,"Not in clustering sample"
"Romania","ROU","Europe",2019,6.12370014190674,1.12040162086487,1.19443809986115,0.792294859886169,0.53485232591629,0.0681816190481186,0.000829568831250072,NA,NA,NA,1.25118311157138,37,20,17,63.5,2115,"Cluster 1"
"Kuwait","KWT","Asia",2019,6.10209989547729,1.42483365535736,1.24477982521057,0.776468932628632,0.570261418819427,0.13275109231472,0.1128149330616,NA,NA,NA,0.360182418888326,43,30,13,NA,NA,"Not in clustering sample"
"Mauritius","MUS","Africa",2019,6.10129976272583,1.07366394996643,1.39566683769226,0.763389408588409,0.590838134288788,0.186894550919533,0.0840882286429405,NA,NA,NA,2.09909272547754,38,22,16,60,NA,"Not in clustering sample"
"Kazakhstan","KAZ","Asia",2019,6.05789995193481,1.12259423732758,1.45326769351959,0.698788940906525,0.497432142496109,0.153713792562485,0.110463686287403,NA,3.1,NA,NA,40,24,16,62,2431.5,"Not in clustering sample"
"Estonia","EST","Europe",2019,6.02180004119873,1.19244122505188,1.45323252677917,0.842615008354187,0.576664805412292,0.125136747956276,0.201766818761826,NA,8.2,NA,1.95957029638124,39,28,12,64.75,1994.5,"Cluster 1"
"Philippines","PHL","Asia",2019,6.00600004196167,0.775120675563812,1.24538171291351,0.602189481258392,0.62191516160965,0.129260212182999,0.130385726690292,NA,0.9,NA,4.2994572517325,17,5,12,NA,2103.1,"Not in clustering sample"
"Hungary","HUN","Europe",2019,6.00040006637573,1.16430711746216,1.42300939559937,0.806793868541718,0.386401802301407,0.0704912394285202,0.0275481734424829,NA,8.3,NA,0.66527835015882,33,20,13,65,1988,"Cluster 1"
"Thailand","THA","Asia",2019,5.9987998008728,1.00702929496765,1.34751951694489,0.793855845928192,0.609449803829193,0.376709014177322,0.0318378619849682,NA,NA,NA,NA,19,6,13,60,2175.025,"Not in clustering sample"
"Argentina","ARG","Americas",2019,5.97469997406006,1.02846562862396,1.37254369258881,0.849773705005646,0.520840346813202,0.0701004713773727,0.0604150593280792,NA,NA,NA,5.13191495105041,29,10,19,NA,2220.3,"Not in clustering sample"
"Honduras","HND","Americas",2019,5.95319986343384,0.598763585090637,1.18666410446167,0.791989982128143,0.568148076534271,0.256528198719025,0.0868071019649506,NA,NA,NA,41.0111655865032,19,8,11,NA,2259.8,"Not in clustering sample"
"Latvia","LVA","Europe",2019,5.94999980926514,1.14139544963837,1.41439878940582,0.77790242433548,0.329198807477951,0.0754079446196556,0.0903915241360664,NA,19.8,NA,3.39556267869149,32,20,12,65,1754,"Cluster 1"
"Ecuador","ECU","Americas",2019,5.92519998550415,0.853383600711823,1.22102761268616,0.838837742805481,0.555234551429749,0.115006476640701,0.0867533832788467,NA,NA,NA,6.85696958334221,23,11,12,NA,1909.55,"Not in clustering sample"
"Portugal","PRT","Europe",2019,5.9109001159668,1.16880083084106,1.33953034877777,0.979315280914307,0.589895188808441,0.0530369468033314,0.0277334656566381,NA,NA,NA,0.705776821960449,31,22,9,66.58,2770,"Cluster 1"
"Jamaica","JAM","Americas",2019,5.88980007171631,0.779058396816254,1.40828919410706,0.788434088230133,0.553124606609344,0.116268493235111,0.030147785320878,NA,NA,NA,47.462677157099,10,10,NA,NA,NA,"Not in clustering sample"
"Republic of Korea","KOR","Asia",2019,5.87239980697632,1.24530065059662,1.13356053829193,1.02254259586334,0.25935634970665,0.170303866267204,0.0945962816476822,NA,NA,NA,0.573715197653771,35,20,15,60,2196.65,"Cluster 1"
"Japan","JPN","Asia",2019,5.87080001831055,1.26672410964966,1.33233869075775,1.07288134098053,0.495465874671936,0.0357117801904678,0.181439638137817,NA,NA,NA,0.251776994076062,15,15,NA,65,1837.12,"Not in clustering sample"
"Peru","PER","Americas",2019,5.79680013656616,0.918549180030823,1.2084059715271,0.824444174766541,0.51321005821228,0.0916118174791336,0.0270326603204012,NA,NA,NA,7.3499267457301,28.5,16.5,12,60,2281.65,"Cluster 3"
"Serbia","SRB","Europe",2019,5.77820014953613,0.988181829452515,1.32744896411896,0.828403294086456,0.395428419113159,0.150282889604568,0.0594471469521523,NA,NA,NA,1.26325112750546,31,20,11,64.415,2055,"Cluster 1"
"Bolivia","BOL","Americas",2019,5.74749994277954,0.730976343154907,1.14235055446625,0.662445664405823,0.574464499950409,0.138375073671341,0.0729426369071007,NA,NA,NA,4.25827764835632,31,20,11,NA,2288.9,"Not in clustering sample"
"Pakistan","PAK","Asia",2019,5.69329977035522,0.616799473762512,0.872979581356049,0.469933241605759,0.405421733856201,0.228705063462257,0.122592121362686,NA,NA,NA,3.47225684652177,29,14,15,60,3108.51666666667,"Cluster 3"
"Paraguay","PRY","Americas",2019,5.69210004806519,0.897990822792053,1.36819756031036,0.735869646072388,0.586510062217712,0.204299241304398,0.0650773793458939,NA,NA,NA,8.50337786708883,22,10,12,NA,2803,"Not in clustering sample"
"Dominican Republic","DOM","Americas",2019,5.68919992446899,0.983191847801208,1.32888889312744,0.741901695728302,0.562873899936676,0.112196780741215,0.115945681929588,NA,NA,NA,9.41799066618377,23,10,13,NA,NA,"Not in clustering sample"
"Bosnia and Herzegovina","BIH","Europe",2019,5.67409992218018,0.918395459651947,1.20398652553558,0.813928186893463,0.305365741252899,0.264005243778229,0.00117248704191297,NA,4.4,NA,1.25540534198886,35,25,10,NA,1769,"Not in clustering sample"
"Republic of Moldova","MDA","Europe",2019,5.60750007629395,0.707916796207428,1.23731219768524,0.713299453258514,0.389571487903595,0.174049183726311,0.0143787441775203,NA,12.2,NA,3.88747276359475,20,20,NA,62.25,2126,"Not in clustering sample"
"Tajikistan","TJK","Asia",2019,5.55569982528687,0.47487461566925,1.21837770938873,0.680594801902771,0.521141171455383,0.182417124509811,0.22177991271019,NA,NA,NA,NA,NA,NA,NA,60.5,NA,"Not in clustering sample"
"Montenegro","MNE","Europe",2019,5.54610013961792,1.0101500749588,1.26565790176392,0.839028894901276,0.303223848342896,0.149010330438614,0.0984351113438606,NA,NA,NA,3.76021900823406,21,21,NA,NA,2481,"Not in clustering sample"
"Russian Federation","RUS","Europe",2019,5.5460000038147,1.12699961662292,1.37864410877228,0.680445909500122,0.399499595165253,0.0990419164299965,0.0456993617117405,NA,25.2,NA,7.64469087376708,42.5,28.5,14,60.5,1972.7875,"Cluster 1"
"Kyrgyzstan","KGZ","Asia",2019,5.54150009155273,0.51318097114563,1.34103667736053,0.680645883083344,0.614617764949799,0.301370739936829,0.030466690659523,NA,1.4,NA,NA,20,20,NA,NA,NA,"Not in clustering sample"
"Belarus","BLR","Europe",2019,5.5398998260498,1.01885449886322,1.38713932037354,0.75258857011795,0.290755867958069,0.0899330601096153,0.193607434630394,NA,24.1,NA,2.38463165310244,33,24,9,60.5,1807,"Cluster 1"
"North Cyprus","CYP","Asia",2019,5.53550004959106,1.21279942989349,1.18308913707733,1.02612459659576,0.477885723114014,0.199160054326057,0.199802905321121,NA,NA,NA,1.16579872951254,34,20,14,66,3314.1,"Cluster 1"
"Greece","GRC","Europe",2019,5.5149998664856,1.12807011604309,1.16897356510162,0.979431748390198,0.173516348004341,0,0.0488443523645401,NA,NA,NA,0.727708640014711,29,20,9,67,2773,"Cluster 1"
"Hong Kong SAR of China","HKG","Asia",2019,5.51039981842041,1.37674605846405,1.24358427524567,1.13663065433502,0.459356516599655,0.28828090429306,0.332485437393188,NA,NA,NA,0.320606459178181,27.5,10.5,17,65,NA,"Not in clustering sample"
"Croatia","HRV","Europe",2019,5.50470018386841,1.10902428627014,1.31126487255096,0.900575578212738,0.381456881761551,0.113998979330063,0.0123250056058168,NA,NA,NA,0.827828171469303,33,20,13,64.375,2272,"Cluster 1"
"Libya","LBY","Africa",2019,5.48880004882813,1.02191376686096,1.19628369808197,0.615626633167267,0.451354056596756,0.142757698893547,0.172258079051971,NA,NA,NA,NA,22,22,NA,70,3178.1,"Not in clustering sample"
"Mongolia","MNG","Asia",2019,5.45620012283325,0.90487277507782,1.45893061161041,0.615788161754608,0.355703115463257,0.263885736465454,0.0465331263840199,NA,NA,NA,6.34259904548525,15,15,NA,57.5,2791.5,"Not in clustering sample"
"Malaysia","MYS","Asia",2019,5.38430023193359,1.168421626091,1.17400228977203,0.788511872291565,0.596941530704498,0.274886161088943,0.062163133174181,NA,NA,NA,0.9270169844912,19,8,11,60,NA,"Not in clustering sample"
"Viet Nam","VNM","Asia",2019,5.35349988937378,0.718092381954193,1.25307476520538,0.819133996963501,0.650835573673248,0.136488720774651,0.0898484587669373,NA,NA,NA,NA,23,12,11,58.96,2123.5,"Not in clustering sample"
"Indonesia","IDN","Asia",2019,5.28560018539429,0.891720712184906,1.15480089187622,0.610437035560608,0.568161427974701,0.542646527290344,0.0382786132395267,NA,NA,NA,NA,30,12,18,59,2521.65,"Not in clustering sample"
"Côte d’Ivoire","CIV","Africa",2019,5.23330020904541,0.537094414234161,0.799727261066437,0.154942512512207,0.397122532129288,0.169915586709976,0.0934957936406136,NA,NA,42.61,NA,34,20,14,NA,2321.32,"Not in clustering sample"
"Benin","BEN","Africa",2019,5.21600008010864,0.366244703531265,0.352428436279297,0.328062951564789,0.405839890241623,0.196670427918434,0.12593187391758,NA,NA,NA,NA,37,24,13,NA,2630.46666666667,"Not in clustering sample"
"Maldives","MDV","Asia",2019,5.1975998878479,0.937864303588867,1.40228760242462,0.914439558982849,0.548203647136688,0.224198251962662,0.0719064921140671,NA,NA,46.48,0.615093155858455,22,22,NA,NA,NA,"Not in clustering sample"
"Congo","COG","Africa",2019,5.1943998336792,0.633616745471954,0.75763601064682,0.458101123571396,0.386514395475388,0.117216013371944,0.118670783936977,NA,NA,NA,NA,26,26,NA,NA,1698.66666666667,"Not in clustering sample"
"Azerbaijan","AZE","Asia",2019,5.16480016708374,0.990272700786591,1.18061304092407,0.731134057044983,0.467734724283218,0.0401132144033909,0.247307181358337,NA,NA,NA,1.66164299896889,40,21,19,64.75,2207.4,"Cluster 1"
"North Macedonia","MKD","Europe",2019,5.15980005264282,0.935371994972229,1.18317353725433,0.802994132041931,0.410224586725235,0.18586353957653,0.0245950594544411,NA,NA,NA,1.21203114814657,32,20,12,63,2339,"Cluster 1"
"Ghana","GHA","Africa",2019,5.14799976348877,0.575862467288971,0.966367959976196,0.432162255048752,0.477290064096451,0.261291205883026,0.0565703809261322,NA,NA,NA,1.82667713193775,28,15,13,NA,2367.5,"Not in clustering sample"
"Nepal","NPL","Asia",2019,5.13719987869263,0.444050371646881,1.10078930854797,0.668879389762878,0.480608254671097,0.300971806049347,0.127502962946892,NA,NA,NA,1.95325811107588,28,15,13,NA,NA,"Not in clustering sample"
"Türkiye","TUR","Asia",2019,5.13180017471313,1.12716925144196,1.19715917110443,0.781335294246674,0.254400759935379,0.0858855694532394,0.120983242988586,NA,NA,NA,2.39580104761995,26.5,12,14.5,59,2333.8,"Cluster 3"
"China","CHN","Asia",2019,5.12389993667603,0.990533411502838,1.13208067417145,0.86724853515625,0.601605117321014,0.079021044075489,0.117255553603172,NA,9.5,NA,0.518362801144556,23,10,13,55.33,2028.58,"Cluster 3"
"Turkmenistan","TKM","Asia",2019,5.11910009384155,1.0089635848999,1.51047694683075,0.612448036670685,0.515236675739288,0.323129326105118,0.0335038900375366,NA,NA,NA,NA,NA,NA,NA,59.5,NA,"Not in clustering sample"
"Bulgaria","BGR","Europe",2019,5.10150003433228,1.04655468463898,1.46057891845703,0.777776896953583,0.417820066213608,0.103833712637424,0,NA,16.4,NA,1.18988414972527,32,20,12,63.5,2177,"Cluster 1"
"Morocco","MAR","Africa",2019,5.09479999542236,0.758622109889984,0.645208477973938,0.745096921920776,0.450054138898849,0.0400325506925583,0.0773856043815613,NA,6.2,NA,2.77264595868349,25,15,13,NA,3155.46666666667,"Not in clustering sample"
"Cameroon","CMR","Africa",2019,5.08489990234375,0.50395804643631,0.899726450443268,0.270189553499222,0.439242482185364,0.198020100593567,0.0543934218585491,NA,NA,NA,NA,18,18,NA,60,2165.125,"Not in clustering sample"
"Venezuela","VEN","Americas",2019,5.05319976806641,0.770238637924194,1.34854686260223,0.767025530338287,0.271717220544815,0.0871791541576385,0.0636247768998146,NA,NA,NA,41.0324133949647,29,15,14,57.5,2895.3,"Cluster 3"
"Algeria","DZA","Africa",2019,5.00509977340698,0.943856000900269,1.14300358295441,0.745418548583984,0.0839437991380692,0.118915013968945,0.129190653562546,NA,12.4,NA,1.19876531330297,41,30,11,60,3266.5,"Cluster 1"
"Senegal","SEN","Africa",2019,4.98080015182495,0.504061818122864,0.954593420028687,0.518391907215118,0.352400898933411,0.16439713537693,0.0818659365177155,NA,NA,NA,NA,32,20,12,NA,3146,"Not in clustering sample"
"Guinea","GIN","Africa",2019,4.94929981231689,0.390007734298706,0.751365959644318,0.33365523815155,0.371878057718277,0.249490842223167,0.112204559147358,NA,NA,NA,NA,33,22,11,NA,2440,"Not in clustering sample"
"Niger","NER","Africa",2019,4.90959978103638,0.108330331742764,0.703800141811371,0.298816353082657,0.435311615467072,0.208176895976067,0.13755476474762,NA,NA,NA,NA,33,22,11,NA,3203.2,"Not in clustering sample"
"Lao PDR","LAO","Asia",2019,4.88859987258911,0.71469384431839,0.987391889095306,0.486378282308578,0.612027287483215,0.272667109966278,0.194273963570595,NA,6,NA,NA,15,15,NA,NA,NA,"Not in clustering sample"
"Albania","ALB","Europe",2019,4.88269996643066,0.906653046607971,0.830483913421631,0.846329629421234,0.46194589138031,0.171027764678001,0.0253612846136093,NA,NA,NA,2.25302550996799,40,28,12,63.415,2544,"Cluster 1"
"Cambodia","KHM","Asia",2019,4.8484001159668,0.544634938240051,1.07142603397369,0.587904334068298,0.674940347671509,0.233342081308365,0.0728375017642975,NA,NA,NA,NA,45,18,27,NA,NA,"Not in clustering sample"
"Bangladesh","BGD","Asia",2019,4.83279991149902,0.556156277656555,0.868800580501556,0.694940507411957,0.604130566120148,0.176745116710663,0.176735907793045,NA,NA,NA,NA,21,10,11,59,2066,"Not in clustering sample"
"Gabon","GAB","Africa",2019,4.82929992675781,0.988044381141663,1.10639750957489,0.522574841976166,0.369459897279739,0.0520136021077633,0.0558045394718647,NA,NA,NA,NA,34,20,14,NA,1720.2,"Not in clustering sample"
"South Africa","ZAF","Africa",2019,4.81409978866577,0.902140438556671,1.25908625125885,0.407034069299698,0.434781819581985,0.126406848430634,0.0595021396875381,NA,NA,NA,35.7874756270719,27,15,12,60,3141.31666666667,"Cluster 3"
"Iraq","IRQ","Asia",2019,4.78480005264282,0.982018709182739,1.0114666223526,0.529350697994232,0.283588051795959,0.153002068400383,0.0731649920344353,NA,NA,NA,NA,20,20,NA,NA,3240.8,"Not in clustering sample"
"Lebanon","LBN","Asia",2019,4.77150011062622,0.889232516288757,1.19249331951141,0.788671135902405,0.18551667034626,0.158524140715599,0.0215181466192007,NA,NA,47.57,3.14085853124481,37,15,22,NA,2944,"Not in clustering sample"
"Burkina Faso","BFA","Africa",2019,4.76870012283325,0.30246764421463,0.929385900497437,0.312833875417709,0.322398155927658,0.186390608549118,0.12640805542469,NA,NA,NA,NA,45,30,15,NA,3209,"Not in clustering sample"
"Gambia","GMB","Africa",2019,4.75059986114502,0.256990551948547,0.882678687572479,0.353247880935669,0.403419524431229,0.42598968744278,0.158093795180321,NA,NA,NA,NA,21,21,NA,NA,3070,"Not in clustering sample"
"Mali","MLI","Africa",2019,4.72930002212524,0.352462649345398,0.973141729831696,0.234981521964073,0.377534449100494,0.169667050242424,0.0621462762355804,NA,NA,NA,NA,22,22,NA,NA,3099.86666666667,"Not in clustering sample"
"Nigeria","NGA","Africa",2019,4.72410011291504,0.64590185880661,0.986717939376831,0.167835935950279,0.435079455375671,0.221328124403954,0.047589935362339,NA,NA,NA,21.099298161443,5,5,NA,NA,2669.08,"Not in clustering sample"
"Armenia","ARM","Asia",2019,4.67679977416992,0.808262407779694,1.03457689285278,0.775857269763947,0.378075808286667,0.107225738465786,0.104618184268475,NA,NA,NA,2.51379877522903,36,20,12,63,2474,"Cluster 1"
"Georgia","GEO","Asia",2019,4.67259979248047,0.847198069095612,0.731193900108337,0.694657623767853,0.48549410700798,0.0476097352802753,0.174088075757027,NA,NA,NA,2.02806499553233,39,24,15,62.5,2046,"Cluster 1"
"Iran","IRN","Asia",2019,4.67239999771118,1.02932250499725,0.886271178722382,0.749053835868835,0.301195472478867,0.276978939771652,0.14265151321888,NA,NA,NA,NA,53,26,27,NA,3043.225,"Not in clustering sample"
"Jordan","JOR","Asia",2019,4.63339996337891,0.785179197788239,1.14011859893799,0.777624726295471,0.424855083227158,0.0914947688579559,0.151878625154495,NA,4.1,NA,1.14319003336944,26,14,12,NA,NA,"Not in clustering sample"
"Mozambique","MOZ","Africa",2019,4.62360000610352,0.178741365671158,0.955202877521515,0.324223637580872,0.560775339603424,0.220422104001045,0.163064315915108,NA,NA,NA,NA,19,10,9,NA,2838,"Not in clustering sample"
"Kenya","KEN","Africa",2019,4.58300018310547,0.476413398981094,0.905077755451202,0.536312758922577,0.519180536270142,0.393902093172073,0.0672010779380798,NA,NA,NA,3.07795502113628,31,21,10,NA,3030.125,"Not in clustering sample"
"Namibia","NAM","Africa",2019,4.57110023498535,0.840081989765167,1.24573814868927,0.406871169805527,0.444598972797394,0.0764544829726219,0.0543203428387642,NA,NA,NA,12.0354899812092,20,20,NA,NA,3737.5,"Not in clustering sample"
"Ukraine","UKR","Europe",2019,4.56069993972778,0.780434608459473,1.3213164806366,0.698674380779266,0.319423705339432,0.178551316261292,0.00965115986764431,NA,18.4,NA,4.04827159044446,37,24,13,60,1955,"Cluster 1"
"Liberia","LBR","Africa",2019,4.55789995193481,0.174103006720543,0.92073392868042,0.392284274101257,0.405943095684052,0.226967871189117,0.0511398762464523,NA,NA,NA,NA,21,10,11,NA,NA,"Not in clustering sample"
"State of Palestine","PSE","Asia",2019,4.55280017852783,0.587819218635559,1.19475555419922,0.61382657289505,0.298700749874115,0.0918162614107132,0.0719136521220207,NA,NA,NA,0.322725871803602,NA,NA,NA,NA,NA,"Not in clustering sample"
"Uganda","UGA","Africa",2019,4.43200016021729,0.312337428331375,1.05232739448547,0.378311663866043,0.401682555675507,0.264807373285294,0.0638188421726227,NA,NA,NA,10.9721855213314,28,15,13,NA,2304,"Not in clustering sample"
"Chad","TCD","Africa",2019,4.42269992828369,0.302287489175797,0.739118278026581,0.108744099736214,0.228601768612862,0.210805088281631,0.0857554078102112,NA,NA,NA,NA,27,24,3,NA,3353.2,"Not in clustering sample"
"Tunisia","TUN","Africa",2019,4.39219999313354,0.874742686748505,0.872167706489563,0.781156718730927,0.235860556364059,0.055881142616272,0.0438995733857155,NA,NA,NA,4.80838825436222,16,10,6,NA,3049.95,"Not in clustering sample"
"Mauritania","MRT","Africa",2019,4.37459993362427,0.539684891700745,1.11332356929779,0.425184816122055,0.185714483261108,0.128899663686752,0.122257634997368,NA,NA,47.59,1.07437639165317,22,15,7,NA,3332.5,"Not in clustering sample"
"Sri Lanka","LKA","Asia",2019,4.3270001411438,0.897986948490143,1.19494009017944,0.792036712169647,0.528632462024689,0.252666145563126,0.0494445636868477,NA,NA,NA,3.31094038448808,40,20,20,55,NA,"Not in clustering sample"
"DR Congo","COD","Africa",2019,4.31099987030029,0.062487468123436,0.833055019378662,0.277212053537369,0.364622980356216,0.25432488322258,0.0814666450023651,NA,NA,NA,NA,12,12,NA,NA,2225,"Not in clustering sample"
"Swaziland","SWZ","Africa",2019,4.30810022354126,0.82753974199295,1.06483519077301,0.215585827827454,0.299935787916183,0.0672648325562477,0.146765872836113,NA,NA,NA,NA,NA,NA,NA,NA,NA,"Not in clustering sample"
"Myanmar","MMR","Asia",2019,4.30800008773804,0.678090929985046,1.09817826747894,0.495443075895309,0.597478866577148,0.56981372833252,0.187530353665352,NA,6.4,NA,2.8855992129134,24,10,14,NA,NA,"Not in clustering sample"
"Comoros","COM","Africa",2019,4.28859996795654,0.415620774030685,0.723232805728912,0.437383323907852,0.181028231978416,0.258538275957108,0.100048534572124,NA,NA,NA,NA,25,25,NA,NA,NA,"Not in clustering sample"
"Togo","TGO","Africa",2019,4.18720006942749,0.268116265535355,0.547622859477997,0.342731177806854,0.303539037704468,0.200774252414703,0.114826455712318,NA,NA,NA,NA,22,22,NA,NA,2579.95,"Not in clustering sample"
"Ethiopia","ETH","Africa",2019,4.18620014190674,0.315125644207001,1.00110328197479,0.483846247196198,0.412566870450974,0.227698102593422,0.117437034845352,NA,NA,NA,NA,25,12,13,NA,2784.85,"Not in clustering sample"
"Madagascar","MDG","Africa",2019,4.16559982299805,0.244553208351135,0.823694348335266,0.500617027282715,0.192967548966408,0.1911900639534,0.0762486383318901,NA,NA,NA,NA,35,22,13,NA,2864.43333333333,"Not in clustering sample"
"Egypt","EGY","Africa",2019,4.15140008926392,0.875228941440582,0.982539534568787,0.596911311149597,0.373684734106064,0.0688012540340424,0.095461793243885,NA,NA,NA,NA,34,21,17,NA,3710.68,"Not in clustering sample"
"Sierra Leone","SLE","Africa",2019,3.92639994621277,0.240560382604599,0.747984945774078,0.203953966498375,0.382027685642242,0.257647007703781,0.0479409359395504,NA,NA,NA,NA,18,18,NA,NA,NA,"Not in clustering sample"
"Burundi","BDI","Africa",2019,3.77530002593994,0,0.403575271368027,0.295212835073471,0.275399059057236,0.187401786446571,0.212186828255653,NA,NA,NA,NA,30,17,13,NA,2373.4,"Not in clustering sample"
"Zambia","ZMB","Africa",2019,3.75939989089966,0.536833763122559,0.89603728055954,0.363593339920044,0.491317540407181,0.250620901584625,0.0867052376270294,NA,NA,NA,NA,31,20,11,NA,2965.46666666667,"Not in clustering sample"
"Haiti","HTI","Americas",2019,3.72079992294312,0.284734427928925,0.64667135477066,0.374366730451584,0.169297516345978,0.463909655809402,0.161935672163963,NA,NA,NA,NA,27,11,16,NA,NA,"Not in clustering sample"
"Lesotho","LSO","Africa",2019,3.6528000831604,0.454938739538193,1.08894002437592,0.100934810936451,0.40936753153801,0.102627642452717,0.0504838228225708,NA,NA,NA,NA,22,12,10,NA,NA,"Not in clustering sample"
"India","IND","Asia",2019,3.57329988479614,0.730576157569885,0.644198656082153,0.540570139884949,0.581142246723175,0.237072482705116,0.105587981641293,NA,5,NA,2.94997162020176,35,25,10,60,2517.02,"Cluster 1"
"Malawi","MWI","Africa",2019,3.53800010681152,0.176534727215767,0.530368089675903,0.446163296699524,0.487389832735062,0.213185057044029,0.131633952260017,NA,NA,NA,NA,NA,18,NA,NA,2795.86666666667,"Not in clustering sample"
"Yemen","YEM","Asia",2019,3.52740001678467,0.392701774835587,1.17747712135315,0.415000170469284,0.243721485137939,0.0946890115737915,0.0873521268367767,NA,NA,NA,NA,37,22,15,NA,NA,"Not in clustering sample"
"Botswana","BWA","Africa",2019,3.47889995574951,0.997548997402191,1.08569478988647,0.494101732969284,0.509089410305023,0.033407486975193,0.101786367595196,NA,NA,NA,NA,29,15,14,NA,3426.66666666667,"Not in clustering sample"
"Tanzania","TZA","Africa",2019,3.47620010375977,0.457163125276566,0.872674643993378,0.442677855491638,0.509343087673187,0.271540910005569,0.203880861401558,NA,NA,NA,4.59485426006108,37,20,17,NA,3032.85,"Not in clustering sample"
"Central African Republic","CAF","Africa",2019,3.47589993476868,0.0410720817744732,0,0,0.292814463376999,0.253513216972351,0.0282647181302309,NA,NA,NA,NA,24,24,NA,NA,2546.5,"Not in clustering sample"
"Rwanda","RWA","Africa",2019,3.31229996681213,0.343242675065994,0.52287632226944,0.572383284568787,0.604087889194489,0.235704988241196,0.485542476177216,NA,NA,NA,3.16215359253131,26,15,11,NA,NA,"Not in clustering sample"
"Zimbabwe","ZWE","Africa",2019,3.2992000579834,0.425564020872116,1.04783523082733,0.375037610530853,0.377404719591141,0.151349186897278,0.0809285789728165,NA,NA,NA,5.1730796210621,33,22,11,NA,3065.4,"Not in clustering sample"
"South Sudan","SSD","Africa",2019,2.81660008430481,0.28908297419548,0.553278505802155,0.208809033036232,0.0656092539429665,0.20993460714817,0.111156798899174,NA,NA,NA,NA,32,20,12,NA,2841.3,"Not in clustering sample"
"Afghanistan","AFG","Asia",2019,2.56690001487732,0.300705850124359,0.356433838605881,0.266051530838013,0,0.135234713554382,0.00122578535228968,NA,NA,NA,7.16396695794585,35,20,15,NA,3175.1,"Not in clustering sample"
